ccaa,provincia,municipio,id,codigo_ine,titularidad,fin,uso,descripcion,direccion,latitud,longitud,coor_google,foto_1,foto_2,foto_3,participante,revision
Comunidad de Madrid,Comunidad de Madrid,Pozuelo de Alarcón,pozuelo_1,,Privada,Residencial,No,NA,"Calle Vitoria, 25, 28223",40.4070575,-3.7802787,"https://www.google.com/maps/@40.4070575,-3.7802787,3a,75y,38.85h,91.79t/data=!3m6!1e1!3m4!1saV3V6buKjFqSr3A856PnOA!2e0!7i16384!8i8192?hl=es",https://drive.google.com/file/d/1CXnsp7TRdz5z-OIF7sdVQGlYd-n6tzR4/view?usp=share_link,https://drive.google.com/file/d/1X-GxXYbkgDjfmbrN0tOZ6jg0-ETNH03F/view?usp=share_link,https://drive.google.com/file/d/1GTd4dXMNjya-qGgTKZ6M50zuOW4d1LKi/view?usp=share_link,??? Me lo pasó Isabel,No
Galicia,A Coruña,O Porto de Espasante (Ortigueira),espasante_1,,Privada,Residencial,No,Cerca de la zona figura un cartel de venta donde figura que la obra es de 2010,"Calle de la Iglesia de San Juan, 49, 15339",43.719186955856436,-7.805884923864598,"https://www.google.com/maps?q=43.7190513,-7.8058742&z=17&hl=es",https://drive.google.com/file/d/1Wez9fUrHqZmP_HnQigh5OoHEXJSJFlG2/view?usp=share_link,https://drive.google.com/file/d/1UaeOf3tBDNXRFqvwdMnGAI_zummZUxT9/view?usp=share_link,https://drive.google.com/file/d/15I1Dhz7SZ2Y9cPp6Id5UdCsiUTvV9q21/view?usp=share_link,??? Me lo pasó Isabel,No
Galicia,Lugo,Lugo,lugo_1,,Privada,Residencial,No,"Conocido como O Garañón, tiene orden de demolición desde diciembre de 2022. La empresa viguesa Xestión Ambiental de Contratas tiene un mes de plazo para presentar el proyecto de demolición y cuatro para echar abajo el edificio, si no hay alegaciones.","Plaza de Avilés s/n, 27002",43.004440,-7.561869,"https://www.google.com/maps/@43.0043167,-7.5613337,3a,75y,98.33h,93.55t/data=!3m6!1e1!3m4!1s-gSWtFQ1-r7kd2gqCgNNSA!2e0!7i13312!8i6656?hl=es",https://www.lavozdegalicia.es/noticia/lugo/lugo/2022/12/27/adjudicado-derribo-garanon-lugo-578035-euros/00031672142592703924785.htm,NA,NA,??? Me lo pasó Antía,Sí
Islas Canarias,Santa Cruz de Tenerife,La Matanza de Acentejo,acentejo_1,,Privada,Complejo hotelero,No,"El mamotreto de Acentejo, también conocido como El Esqueleto, está formado por las enormes estructuras de dos hoteles inacabados de los años 70 del siglo XX. En 2019, el PSOE presentó un nuevo Plan de Costa Acentejo para demoler el mamotreto.","Costa de Acentejo, Carretera El Caletón, 38379",28.459616,-16.463495,"https://www.google.com/maps/@28.459616,-16.463495,3a,53.3y,77.65h,90.59t/data=!3m8!1e1!3m6!1sAF1QipOM9je1OL6BYVvs7ku7AjN1pTnY5tXlCfTb_wp1!2e10!3e11!6shttps:%2F%2Flh5.googleusercontent.com%2Fp%2FAF1QipOM9je1OL6BYVvs7ku7AjN1pTnY5tXlCfTb_wp1%3Dw203-h100-k-no-pi-0-ya159.61748-ro-0-fo100!7i12000!8i6000?hl=es",https://www.eldia.es/tenerife/2019/05/26/nuevo-plan-costa-acentejo-propondra-22629017.html,NA,NA,??? Me lo pasó Bárbara,No
Región de Murcia,Murcia,Fuente Álamo De Murcia,NA,,Privada,Complejo hotelero,Sí,"Lorem ipsum dolor sit amet, consectetur adipiscing elit, sed do eiusmod tempor incididunt ut labore et dolore magna aliqua. Ut enim ad minim veniam, quis nostrud exercitation ullamco laboris nisi ut aliquip ex ea commodo consequat.",Autovia A-30 Km. 172,-1.069333,37.767583,NA,https://drive.google.com/file/d/1CXnsp7TRdz5z-OIF7sdVQGlYd-n6tzR4/view?usp=share_link,https://drive.google.com/file/d/1X-GxXYbkgDjfmbrN0tOZ6jg0-ETNH03F/view?usp=share_link,https://drive.google.com/file/d/1GTd4dXMNjya-qGgTKZ6M50zuOW4d1LKi/view?usp=share_link,Benito,NA
Región de Murcia,Murcia,Torre-Pacheco,NA,,Privada,Complejo hotelero,Sí,"Duis aute irure dolor in reprehenderit in voluptate velit esse cillum dolore eu fugiat nulla pariatur. Excepteur sint occaecat cupidatat non proident, sunt in culpa qui officia deserunt mollit anim id est laborum.",Autovia A-30 Km. 172,-1.068806,37.769,NA,https://drive.google.com/file/d/1Wez9fUrHqZmP_HnQigh5OoHEXJSJFlG2/view?usp=share_link,https://drive.google.com/file/d/1UaeOf3tBDNXRFqvwdMnGAI_zummZUxT9/view?usp=share_link,https://drive.google.com/file/d/15I1Dhz7SZ2Y9cPp6Id5UdCsiUTvV9q21/view?usp=share_link,Benito,NA
Región de Murcia,Murcia,Murcia,NA,,Privada,Complejo hotelero,Sí,"Lorem ipsum dolor sit amet, consectetur adipiscing elit, sed do eiusmod tempor incididunt ut labore et dolore magna aliqua. Ut enim ad minim veniam, quis nostrud exercitation ullamco laboris nisi ut aliquip ex ea commodo consequat.","Autovia A-30 Km. 413,9",-1.106861,37.843167,NA,https://drive.google.com/file/d/1CXnsp7TRdz5z-OIF7sdVQGlYd-n6tzR4/view?usp=share_link,https://drive.google.com/file/d/1X-GxXYbkgDjfmbrN0tOZ6jg0-ETNH03F/view?usp=share_link,https://drive.google.com/file/d/1GTd4dXMNjya-qGgTKZ6M50zuOW4d1LKi/view?usp=share_link,Benito,NA
Región de Murcia,Murcia,Librilla,NA,,Privada,Complejo hotelero,Sí,"Duis aute irure dolor in reprehenderit in voluptate velit esse cillum dolore eu fugiat nulla pariatur. Excepteur sint occaecat cupidatat non proident, sunt in culpa qui officia deserunt mollit anim id est laborum.",Autovia A-7 Km. 591,-1.339611,37.892778,NA,https://drive.google.com/file/d/1Wez9fUrHqZmP_HnQigh5OoHEXJSJFlG2/view?usp=share_link,https://drive.google.com/file/d/1UaeOf3tBDNXRFqvwdMnGAI_zummZUxT9/view?usp=share_link,https://drive.google.com/file/d/15I1Dhz7SZ2Y9cPp6Id5UdCsiUTvV9q21/view?usp=share_link,Benita,NA
Andalucía,Cádiz,Jerez De La Frontera,NA,,Privada,Complejo hotelero,Sí,"Lorem ipsum dolor sit amet, consectetur adipiscing elit, sed do eiusmod tempor incididunt ut labore et dolore magna aliqua. Ut enim ad minim veniam, quis nostrud exercitation ullamco laboris nisi ut aliquip ex ea commodo consequat.","A 480 Km 25,8",-6.163639,36.682111,NA,https://drive.google.com/file/d/1CXnsp7TRdz5z-OIF7sdVQGlYd-n6tzR4/view?usp=share_link,https://drive.google.com/file/d/1X-GxXYbkgDjfmbrN0tOZ6jg0-ETNH03F/view?usp=share_link,https://drive.google.com/file/d/1GTd4dXMNjya-qGgTKZ6M50zuOW4d1LKi/view?usp=share_link,Benita,NA
Andalucía,Cádiz,Chiclana De La Frontera,NA,,Privada,Complejo hotelero,Sí,"Duis aute irure dolor in reprehenderit in voluptate velit esse cillum dolore eu fugiat nulla pariatur. Excepteur sint occaecat cupidatat non proident, sunt in culpa qui officia deserunt mollit anim id est laborum.","Alameda Solano, 18 (N-340a Km 5,1)",-6.14425,36.426639,NA,https://drive.google.com/file/d/1Wez9fUrHqZmP_HnQigh5OoHEXJSJFlG2/view?usp=share_link,https://drive.google.com/file/d/1UaeOf3tBDNXRFqvwdMnGAI_zummZUxT9/view?usp=share_link,https://drive.google.com/file/d/15I1Dhz7SZ2Y9cPp6Id5UdCsiUTvV9q21/view?usp=share_link,Benita,NA
Andalucía,Cádiz,San Roque,NA,,Privada,Complejo hotelero,Sí,"Lorem ipsum dolor sit amet, consectetur adipiscing elit, sed do eiusmod tempor incididunt ut labore et dolore magna aliqua. Ut enim ad minim veniam, quis nostrud exercitation ullamco laboris nisi ut aliquip ex ea commodo consequat.","Autovia A-7 Km. 116,000",-5.410139,36.207222,NA,https://drive.google.com/file/d/1CXnsp7TRdz5z-OIF7sdVQGlYd-n6tzR4/view?usp=share_link,https://drive.google.com/file/d/1X-GxXYbkgDjfmbrN0tOZ6jg0-ETNH03F/view?usp=share_link,https://drive.google.com/file/d/1GTd4dXMNjya-qGgTKZ6M50zuOW4d1LKi/view?usp=share_link,Benita,NA
Andalucía,Cádiz,Conil De La Frontera,NA,,Privada,Complejo hotelero,Sí,"Duis aute irure dolor in reprehenderit in voluptate velit esse cillum dolore eu fugiat nulla pariatur. Excepteur sint occaecat cupidatat non proident, sunt in culpa qui officia deserunt mollit anim id est laborum.","Autovia A48 Km. 24,400",-6.057056,36.309917,NA,https://drive.google.com/file/d/1Wez9fUrHqZmP_HnQigh5OoHEXJSJFlG2/view?usp=share_link,https://drive.google.com/file/d/1UaeOf3tBDNXRFqvwdMnGAI_zummZUxT9/view?usp=share_link,https://drive.google.com/file/d/15I1Dhz7SZ2Y9cPp6Id5UdCsiUTvV9q21/view?usp=share_link,Benita,NA
Islas Baleares,Baleares,Palma,NA,,Privada,Complejo hotelero,Sí,"Lorem ipsum dolor sit amet, consectetur adipiscing elit, sed do eiusmod tempor incididunt ut labore et dolore magna aliqua. Ut enim ad minim veniam, quis nostrud exercitation ullamco laboris nisi ut aliquip ex ea commodo consequat.","Ae Vial Salida Aeropuerto, S.n.",2.722944,39.545917,NA,https://drive.google.com/file/d/1CXnsp7TRdz5z-OIF7sdVQGlYd-n6tzR4/view?usp=share_link,https://drive.google.com/file/d/1X-GxXYbkgDjfmbrN0tOZ6jg0-ETNH03F/view?usp=share_link,https://drive.google.com/file/d/1GTd4dXMNjya-qGgTKZ6M50zuOW4d1LKi/view?usp=share_link,Benita,NA
Islas Baleares,Baleares,Ciutadella De Menorca,NA,,Privada,Complejo hotelero,Sí,"Duis aute irure dolor in reprehenderit in voluptate velit esse cillum dolore eu fugiat nulla pariatur. Excepteur sint occaecat cupidatat non proident, sunt in culpa qui officia deserunt mollit anim id est laborum.","Autovia Ctra. Mahon - Ciudadela Km. 43,9",3.850583,40.004639,NA,https://drive.google.com/file/d/1Wez9fUrHqZmP_HnQigh5OoHEXJSJFlG2/view?usp=share_link,https://drive.google.com/file/d/1UaeOf3tBDNXRFqvwdMnGAI_zummZUxT9/view?usp=share_link,https://drive.google.com/file/d/15I1Dhz7SZ2Y9cPp6Id5UdCsiUTvV9q21/view?usp=share_link,Benita,NA
Islas Baleares,Baleares,Santanyí,NA,,Privada,Complejo hotelero,Sí,"Lorem ipsum dolor sit amet, consectetur adipiscing elit, sed do eiusmod tempor incididunt ut labore et dolore magna aliqua. Ut enim ad minim veniam, quis nostrud exercitation ullamco laboris nisi ut aliquip ex ea commodo consequat.","Avenida Bienvenidos, 36",3.226833,39.379917,NA,https://drive.google.com/file/d/1CXnsp7TRdz5z-OIF7sdVQGlYd-n6tzR4/view?usp=share_link,https://drive.google.com/file/d/1X-GxXYbkgDjfmbrN0tOZ6jg0-ETNH03F/view?usp=share_link,https://drive.google.com/file/d/1GTd4dXMNjya-qGgTKZ6M50zuOW4d1LKi/view?usp=share_link,Benita,NA
Islas Baleares,Baleares,Maó-Mahón,NA,,Privada,Complejo hotelero,Sí,"Duis aute irure dolor in reprehenderit in voluptate velit esse cillum dolore eu fugiat nulla pariatur. Excepteur sint occaecat cupidatat non proident, sunt in culpa qui officia deserunt mollit anim id est laborum.","Avenida Cap De Cavalleria, 14",4.249,39.888806,NA,https://drive.google.com/file/d/1Wez9fUrHqZmP_HnQigh5OoHEXJSJFlG2/view?usp=share_link,https://drive.google.com/file/d/1UaeOf3tBDNXRFqvwdMnGAI_zummZUxT9/view?usp=share_link,https://drive.google.com/file/d/15I1Dhz7SZ2Y9cPp6Id5UdCsiUTvV9q21/view?usp=share_link,Benita,NA
País Vasco,Bizkaia,Abanto Y Ciérvana-Abanto Zierbena,NA,,Privada,Complejo hotelero,Sí,"Lorem ipsum dolor sit amet, consectetur adipiscing elit, sed do eiusmod tempor incididunt ut labore et dolore magna aliqua. Ut enim ad minim veniam, quis nostrud exercitation ullamco laboris nisi ut aliquip ex ea commodo consequat.","At A-8, 131",-3.067722,43.327111,NA,https://drive.google.com/file/d/1CXnsp7TRdz5z-OIF7sdVQGlYd-n6tzR4/view?usp=share_link,https://drive.google.com/file/d/1X-GxXYbkgDjfmbrN0tOZ6jg0-ETNH03F/view?usp=share_link,https://drive.google.com/file/d/1GTd4dXMNjya-qGgTKZ6M50zuOW4d1LKi/view?usp=share_link,Benita,NA
País Vasco,Bizkaia,Arrigorriaga,NA,,Privada,Complejo hotelero,Sí,"Duis aute irure dolor in reprehenderit in voluptate velit esse cillum dolore eu fugiat nulla pariatur. Excepteur sint occaecat cupidatat non proident, sunt in culpa qui officia deserunt mollit anim id est laborum.","Au Ap-68, 6",-2.897389,43.190194,NA,https://drive.google.com/file/d/1Wez9fUrHqZmP_HnQigh5OoHEXJSJFlG2/view?usp=share_link,https://drive.google.com/file/d/1UaeOf3tBDNXRFqvwdMnGAI_zummZUxT9/view?usp=share_link,https://drive.google.com/file/d/15I1Dhz7SZ2Y9cPp6Id5UdCsiUTvV9q21/view?usp=share_link,Benita,NA
País Vasco,Bizkaia,Ugao-Miraballes,NA,,Privada,Museo,No,"Lorem ipsum dolor sit amet, consectetur adipiscing elit, sed do eiusmod tempor incididunt ut labore et dolore magna aliqua. Ut enim ad minim veniam, quis nostrud exercitation ullamco laboris nisi ut aliquip ex ea commodo consequat.",Autopista Ap-68 Km. 6,-2.894444,43.18975,NA,https://drive.google.com/file/d/1CXnsp7TRdz5z-OIF7sdVQGlYd-n6tzR4/view?usp=share_link,https://drive.google.com/file/d/1X-GxXYbkgDjfmbrN0tOZ6jg0-ETNH03F/view?usp=share_link,https://drive.google.com/file/d/1GTd4dXMNjya-qGgTKZ6M50zuOW4d1LKi/view?usp=share_link,Benita,NA
País Vasco,Bizkaia,Bilbao,NA,,Privada,Museo,No,"Duis aute irure dolor in reprehenderit in voluptate velit esse cillum dolore eu fugiat nulla pariatur. Excepteur sint occaecat cupidatat non proident, sunt in culpa qui officia deserunt mollit anim id est laborum.","Avenida Alto De Enekuri, 5",-2.958444,43.286667,NA,https://drive.google.com/file/d/1Wez9fUrHqZmP_HnQigh5OoHEXJSJFlG2/view?usp=share_link,https://drive.google.com/file/d/1UaeOf3tBDNXRFqvwdMnGAI_zummZUxT9/view?usp=share_link,https://drive.google.com/file/d/15I1Dhz7SZ2Y9cPp6Id5UdCsiUTvV9q21/view?usp=share_link,Benita,NA
Islas Canarias,Las Palmas,Arrecife,NA,,Privada,Museo,No,"Lorem ipsum dolor sit amet, consectetur adipiscing elit, sed do eiusmod tempor incididunt ut labore et dolore magna aliqua. Ut enim ad minim veniam, quis nostrud exercitation ullamco laboris nisi ut aliquip ex ea commodo consequat.","Acceso Aeropuerto De Lanzarote-Lado Aire, Sn",-13.603778,28.955417,NA,https://drive.google.com/file/d/1CXnsp7TRdz5z-OIF7sdVQGlYd-n6tzR4/view?usp=share_link,https://drive.google.com/file/d/1X-GxXYbkgDjfmbrN0tOZ6jg0-ETNH03F/view?usp=share_link,https://drive.google.com/file/d/1GTd4dXMNjya-qGgTKZ6M50zuOW4d1LKi/view?usp=share_link,Benita,NA
Islas Canarias,Las Palmas,Telde,NA,,Privada,Museo,No,"Duis aute irure dolor in reprehenderit in voluptate velit esse cillum dolore eu fugiat nulla pariatur. Excepteur sint occaecat cupidatat non proident, sunt in culpa qui officia deserunt mollit anim id est laborum.",Autopista Autopoista Gc-1 Km. 8,-15.388611,28.014444,NA,https://drive.google.com/file/d/1Wez9fUrHqZmP_HnQigh5OoHEXJSJFlG2/view?usp=share_link,https://drive.google.com/file/d/1UaeOf3tBDNXRFqvwdMnGAI_zummZUxT9/view?usp=share_link,https://drive.google.com/file/d/15I1Dhz7SZ2Y9cPp6Id5UdCsiUTvV9q21/view?usp=share_link,Benita,NA
Islas Canarias,Las Palmas,Arucas,NA,,Privada,Museo,No,"Lorem ipsum dolor sit amet, consectetur adipiscing elit, sed do eiusmod tempor incididunt ut labore et dolore magna aliqua. Ut enim ad minim veniam, quis nostrud exercitation ullamco laboris nisi ut aliquip ex ea commodo consequat.","Autovia Autovia Arucas S/N Km. 3,5",-15.517639,28.117472,NA,https://drive.google.com/file/d/1CXnsp7TRdz5z-OIF7sdVQGlYd-n6tzR4/view?usp=share_link,https://drive.google.com/file/d/1X-GxXYbkgDjfmbrN0tOZ6jg0-ETNH03F/view?usp=share_link,https://drive.google.com/file/d/1GTd4dXMNjya-qGgTKZ6M50zuOW4d1LKi/view?usp=share_link,Benita,NA
Islas Canarias,Las Palmas,San Bartolomé De Tirajana,NA,,Privada,Museo,No,"Duis aute irure dolor in reprehenderit in voluptate velit esse cillum dolore eu fugiat nulla pariatur. Excepteur sint occaecat cupidatat non proident, sunt in culpa qui officia deserunt mollit anim id est laborum.","Autovia Gc-1 Km. 34,6",-15.482278,27.803972,NA,https://drive.google.com/file/d/1Wez9fUrHqZmP_HnQigh5OoHEXJSJFlG2/view?usp=share_link,https://drive.google.com/file/d/1UaeOf3tBDNXRFqvwdMnGAI_zummZUxT9/view?usp=share_link,https://drive.google.com/file/d/15I1Dhz7SZ2Y9cPp6Id5UdCsiUTvV9q21/view?usp=share_link,Benita,NA
Galicia,A Coruña,Cariño,NA,,Privada,Museo,No,"Lorem ipsum dolor sit amet, consectetur adipiscing elit, sed do eiusmod tempor incididunt ut labore et dolore magna aliqua. Ut enim ad minim veniam, quis nostrud exercitation ullamco laboris nisi ut aliquip ex ea commodo consequat.",A Pedra,-7.878278,43.731806,NA,https://drive.google.com/file/d/1CXnsp7TRdz5z-OIF7sdVQGlYd-n6tzR4/view?usp=share_link,https://drive.google.com/file/d/1X-GxXYbkgDjfmbrN0tOZ6jg0-ETNH03F/view?usp=share_link,https://drive.google.com/file/d/1GTd4dXMNjya-qGgTKZ6M50zuOW4d1LKi/view?usp=share_link,Benita,NA
Galicia,A Coruña,Oza-Cesuras,NA,,Privada,Museo,No,"Duis aute irure dolor in reprehenderit in voluptate velit esse cillum dolore eu fugiat nulla pariatur. Excepteur sint occaecat cupidatat non proident, sunt in culpa qui officia deserunt mollit anim id est laborum.","Ac 840 Km 6,89",-8.1905,43.225889,NA,https://drive.google.com/file/d/1Wez9fUrHqZmP_HnQigh5OoHEXJSJFlG2/view?usp=share_link,https://drive.google.com/file/d/1UaeOf3tBDNXRFqvwdMnGAI_zummZUxT9/view?usp=share_link,https://drive.google.com/file/d/15I1Dhz7SZ2Y9cPp6Id5UdCsiUTvV9q21/view?usp=share_link,Lucrecio,NA
Galicia,A Coruña,Moeche,NA,,Privada,Museo,No,"Lorem ipsum dolor sit amet, consectetur adipiscing elit, sed do eiusmod tempor incididunt ut labore et dolore magna aliqua. Ut enim ad minim veniam, quis nostrud exercitation ullamco laboris nisi ut aliquip ex ea commodo consequat.",Ac-862 Km 24,-8.021861,43.565417,NA,https://drive.google.com/file/d/1CXnsp7TRdz5z-OIF7sdVQGlYd-n6tzR4/view?usp=share_link,https://drive.google.com/file/d/1X-GxXYbkgDjfmbrN0tOZ6jg0-ETNH03F/view?usp=share_link,https://drive.google.com/file/d/1GTd4dXMNjya-qGgTKZ6M50zuOW4d1LKi/view?usp=share_link,Lucrecio,NA
Islas Canarias,Santa Cruz De Tenerife,Arafo,NA,,Privada,Museo,No,"Duis aute irure dolor in reprehenderit in voluptate velit esse cillum dolore eu fugiat nulla pariatur. Excepteur sint occaecat cupidatat non proident, sunt in culpa qui officia deserunt mollit anim id est laborum.","Acceso Carretera A La Hidalga, S/N",-16.384833,28.330194,NA,https://drive.google.com/file/d/1Wez9fUrHqZmP_HnQigh5OoHEXJSJFlG2/view?usp=share_link,https://drive.google.com/file/d/1UaeOf3tBDNXRFqvwdMnGAI_zummZUxT9/view?usp=share_link,https://drive.google.com/file/d/15I1Dhz7SZ2Y9cPp6Id5UdCsiUTvV9q21/view?usp=share_link,Lucrecio,NA
Islas Canarias,Santa Cruz De Tenerife,San Miguel De Abona,NA,,Privada,Museo,No,"Lorem ipsum dolor sit amet, consectetur adipiscing elit, sed do eiusmod tempor incididunt ut labore et dolore magna aliqua. Ut enim ad minim veniam, quis nostrud exercitation ullamco laboris nisi ut aliquip ex ea commodo consequat.","Autopista Autopista Del Sur Km. 64,9",-16.636556,28.052333,NA,https://drive.google.com/file/d/1CXnsp7TRdz5z-OIF7sdVQGlYd-n6tzR4/view?usp=share_link,https://drive.google.com/file/d/1X-GxXYbkgDjfmbrN0tOZ6jg0-ETNH03F/view?usp=share_link,https://drive.google.com/file/d/1GTd4dXMNjya-qGgTKZ6M50zuOW4d1LKi/view?usp=share_link,Lucrecio,NA
Asturias,Asturias,Ibias,NA,,Privada,Museo,No,"Duis aute irure dolor in reprehenderit in voluptate velit esse cillum dolore eu fugiat nulla pariatur. Excepteur sint occaecat cupidatat non proident, sunt in culpa qui officia deserunt mollit anim id est laborum.","Aldea Av Aurelio Menendez, Sn",-6.871306,43.038139,NA,https://drive.google.com/file/d/1Wez9fUrHqZmP_HnQigh5OoHEXJSJFlG2/view?usp=share_link,https://drive.google.com/file/d/1UaeOf3tBDNXRFqvwdMnGAI_zummZUxT9/view?usp=share_link,https://drive.google.com/file/d/15I1Dhz7SZ2Y9cPp6Id5UdCsiUTvV9q21/view?usp=share_link,Lucrecio,NA
Asturias,Asturias,Aller,NA,,Privada,Museo,No,"Lorem ipsum dolor sit amet, consectetur adipiscing elit, sed do eiusmod tempor incididunt ut labore et dolore magna aliqua. Ut enim ad minim veniam, quis nostrud exercitation ullamco laboris nisi ut aliquip ex ea commodo consequat.","As-112 Km 5,8",-5.674861,43.16475,NA,https://drive.google.com/file/d/1CXnsp7TRdz5z-OIF7sdVQGlYd-n6tzR4/view?usp=share_link,https://drive.google.com/file/d/1X-GxXYbkgDjfmbrN0tOZ6jg0-ETNH03F/view?usp=share_link,https://drive.google.com/file/d/1GTd4dXMNjya-qGgTKZ6M50zuOW4d1LKi/view?usp=share_link,Lucrecio,NA
Asturias,Asturias,Teverga,NA,,Privada,Museo,No,"Duis aute irure dolor in reprehenderit in voluptate velit esse cillum dolore eu fugiat nulla pariatur. Excepteur sint occaecat cupidatat non proident, sunt in culpa qui officia deserunt mollit anim id est laborum.",As-228 Km 28,-6.096833,43.164806,NA,https://drive.google.com/file/d/1Wez9fUrHqZmP_HnQigh5OoHEXJSJFlG2/view?usp=share_link,https://drive.google.com/file/d/1UaeOf3tBDNXRFqvwdMnGAI_zummZUxT9/view?usp=share_link,https://drive.google.com/file/d/15I1Dhz7SZ2Y9cPp6Id5UdCsiUTvV9q21/view?usp=share_link,Lucrecio,NA
Aragón,Zaragoza,La Muela,NA,,Privada,Museo,No,"Lorem ipsum dolor sit amet, consectetur adipiscing elit, sed do eiusmod tempor incididunt ut labore et dolore magna aliqua. Ut enim ad minim veniam, quis nostrud exercitation ullamco laboris nisi ut aliquip ex ea commodo consequat.","A Ii, Km Km 299,3",-1.099611,41.58575,NA,https://drive.google.com/file/d/1CXnsp7TRdz5z-OIF7sdVQGlYd-n6tzR4/view?usp=share_link,https://drive.google.com/file/d/1X-GxXYbkgDjfmbrN0tOZ6jg0-ETNH03F/view?usp=share_link,https://drive.google.com/file/d/1GTd4dXMNjya-qGgTKZ6M50zuOW4d1LKi/view?usp=share_link,Lucrecio,NA
Aragón,Zaragoza,Alberite De San Juan,NA,,Privada,Museo,No,"Duis aute irure dolor in reprehenderit in voluptate velit esse cillum dolore eu fugiat nulla pariatur. Excepteur sint occaecat cupidatat non proident, sunt in culpa qui officia deserunt mollit anim id est laborum.",A-121 Km 2,-1.470056,41.815722,NA,https://drive.google.com/file/d/1Wez9fUrHqZmP_HnQigh5OoHEXJSJFlG2/view?usp=share_link,https://drive.google.com/file/d/1UaeOf3tBDNXRFqvwdMnGAI_zummZUxT9/view?usp=share_link,https://drive.google.com/file/d/15I1Dhz7SZ2Y9cPp6Id5UdCsiUTvV9q21/view?usp=share_link,Lucrecio,NA
Aragón,Zaragoza,Sobradiel,NA,,Privada,Museo,No,"Lorem ipsum dolor sit amet, consectetur adipiscing elit, sed do eiusmod tempor incididunt ut labore et dolore magna aliqua. Ut enim ad minim veniam, quis nostrud exercitation ullamco laboris nisi ut aliquip ex ea commodo consequat.","Au A-68, 283",-1.031417,41.730583,NA,https://drive.google.com/file/d/1CXnsp7TRdz5z-OIF7sdVQGlYd-n6tzR4/view?usp=share_link,https://drive.google.com/file/d/1X-GxXYbkgDjfmbrN0tOZ6jg0-ETNH03F/view?usp=share_link,https://drive.google.com/file/d/1GTd4dXMNjya-qGgTKZ6M50zuOW4d1LKi/view?usp=share_link,Lucrecio,NA
Galicia,Pontevedra,Salvaterra De Miño,NA,,Privada,Museo,No,"Duis aute irure dolor in reprehenderit in voluptate velit esse cillum dolore eu fugiat nulla pariatur. Excepteur sint occaecat cupidatat non proident, sunt in culpa qui officia deserunt mollit anim id est laborum.","A-52 Salida 291, Ctra Ponteareas- As Neves, Km Po-9006",-8.462,42.141917,NA,https://drive.google.com/file/d/1Wez9fUrHqZmP_HnQigh5OoHEXJSJFlG2/view?usp=share_link,https://drive.google.com/file/d/1UaeOf3tBDNXRFqvwdMnGAI_zummZUxT9/view?usp=share_link,https://drive.google.com/file/d/15I1Dhz7SZ2Y9cPp6Id5UdCsiUTvV9q21/view?usp=share_link,Lucrecio,NA
Galicia,Pontevedra,Silleda,NA,,Privada,Museo,No,"Lorem ipsum dolor sit amet, consectetur adipiscing elit, sed do eiusmod tempor incididunt ut labore et dolore magna aliqua. Ut enim ad minim veniam, quis nostrud exercitation ullamco laboris nisi ut aliquip ex ea commodo consequat.","Ap-53 Km 28,000",-8.300833,42.716389,NA,https://drive.google.com/file/d/1CXnsp7TRdz5z-OIF7sdVQGlYd-n6tzR4/view?usp=share_link,https://drive.google.com/file/d/1X-GxXYbkgDjfmbrN0tOZ6jg0-ETNH03F/view?usp=share_link,https://drive.google.com/file/d/1GTd4dXMNjya-qGgTKZ6M50zuOW4d1LKi/view?usp=share_link,Lucrecio,NA
Galicia,Pontevedra,Vilaboa,NA,,Privada,Museo,No,"Duis aute irure dolor in reprehenderit in voluptate velit esse cillum dolore eu fugiat nulla pariatur. Excepteur sint occaecat cupidatat non proident, sunt in culpa qui officia deserunt mollit anim id est laborum.","Au A-9  Pontevedra Sur-Vigo, 13",-8.662806,42.3185,NA,https://drive.google.com/file/d/1Wez9fUrHqZmP_HnQigh5OoHEXJSJFlG2/view?usp=share_link,https://drive.google.com/file/d/1UaeOf3tBDNXRFqvwdMnGAI_zummZUxT9/view?usp=share_link,https://drive.google.com/file/d/15I1Dhz7SZ2Y9cPp6Id5UdCsiUTvV9q21/view?usp=share_link,Lucrecio,NA
Andalucía,Granada,Baza,NA,,Privada,Museo,No,"Lorem ipsum dolor sit amet, consectetur adipiscing elit, sed do eiusmod tempor incididunt ut labore et dolore magna aliqua. Ut enim ad minim veniam, quis nostrud exercitation ullamco laboris nisi ut aliquip ex ea commodo consequat.",A-334 Km 4.5,-2.766909,37.481666,NA,https://drive.google.com/file/d/1CXnsp7TRdz5z-OIF7sdVQGlYd-n6tzR4/view?usp=share_link,https://drive.google.com/file/d/1X-GxXYbkgDjfmbrN0tOZ6jg0-ETNH03F/view?usp=share_link,https://drive.google.com/file/d/1GTd4dXMNjya-qGgTKZ6M50zuOW4d1LKi/view?usp=share_link,Lucrecio,NA
Andalucía,Granada,Albuñol,NA,,Privada,Museo,No,"Duis aute irure dolor in reprehenderit in voluptate velit esse cillum dolore eu fugiat nulla pariatur. Excepteur sint occaecat cupidatat non proident, sunt in culpa qui officia deserunt mollit anim id est laborum.","A-345 Km 64,7",-3.182889,36.761972,NA,https://drive.google.com/file/d/1Wez9fUrHqZmP_HnQigh5OoHEXJSJFlG2/view?usp=share_link,https://drive.google.com/file/d/1UaeOf3tBDNXRFqvwdMnGAI_zummZUxT9/view?usp=share_link,https://drive.google.com/file/d/15I1Dhz7SZ2Y9cPp6Id5UdCsiUTvV9q21/view?usp=share_link,Lucrecio,NA
Andalucía,Granada,Albolote,NA,,Privada,Museo,No,"Lorem ipsum dolor sit amet, consectetur adipiscing elit, sed do eiusmod tempor incididunt ut labore et dolore magna aliqua. Ut enim ad minim veniam, quis nostrud exercitation ullamco laboris nisi ut aliquip ex ea commodo consequat.","A-92 Km 239,000",-3.667139,37.232667,NA,https://drive.google.com/file/d/1CXnsp7TRdz5z-OIF7sdVQGlYd-n6tzR4/view?usp=share_link,https://drive.google.com/file/d/1X-GxXYbkgDjfmbrN0tOZ6jg0-ETNH03F/view?usp=share_link,https://drive.google.com/file/d/1GTd4dXMNjya-qGgTKZ6M50zuOW4d1LKi/view?usp=share_link,Lucrecio,NA
Cataluña,Tarragona,Vandellòs I L'hospitalet De L'infant,NA,,Privada,Museo,No,"Duis aute irure dolor in reprehenderit in voluptate velit esse cillum dolore eu fugiat nulla pariatur. Excepteur sint occaecat cupidatat non proident, sunt in culpa qui officia deserunt mollit anim id est laborum.","Acceso Norte A Vandellòs (C-233 Km 9,8)",0.82725,41.020139,NA,https://drive.google.com/file/d/1Wez9fUrHqZmP_HnQigh5OoHEXJSJFlG2/view?usp=share_link,https://drive.google.com/file/d/1UaeOf3tBDNXRFqvwdMnGAI_zummZUxT9/view?usp=share_link,https://drive.google.com/file/d/15I1Dhz7SZ2Y9cPp6Id5UdCsiUTvV9q21/view?usp=share_link,Lucrecio,NA
Cataluña,Tarragona,Reus,NA,,Privada,Museo,No,"Lorem ipsum dolor sit amet, consectetur adipiscing elit, sed do eiusmod tempor incididunt ut labore et dolore magna aliqua. Ut enim ad minim veniam, quis nostrud exercitation ullamco laboris nisi ut aliquip ex ea commodo consequat.",Apel·les Mestres 44-46,1.071278,41.162944,NA,https://drive.google.com/file/d/1CXnsp7TRdz5z-OIF7sdVQGlYd-n6tzR4/view?usp=share_link,https://drive.google.com/file/d/1X-GxXYbkgDjfmbrN0tOZ6jg0-ETNH03F/view?usp=share_link,https://drive.google.com/file/d/1GTd4dXMNjya-qGgTKZ6M50zuOW4d1LKi/view?usp=share_link,Lucrecio,NA
Cataluña,Girona,Lloret De Mar,NA,,Privada,Museo,No,"Duis aute irure dolor in reprehenderit in voluptate velit esse cillum dolore eu fugiat nulla pariatur. Excepteur sint occaecat cupidatat non proident, sunt in culpa qui officia deserunt mollit anim id est laborum.","Avenida Av Vila De Blanes 120,",2.831139,41.7,NA,https://drive.google.com/file/d/1Wez9fUrHqZmP_HnQigh5OoHEXJSJFlG2/view?usp=share_link,https://drive.google.com/file/d/1UaeOf3tBDNXRFqvwdMnGAI_zummZUxT9/view?usp=share_link,https://drive.google.com/file/d/15I1Dhz7SZ2Y9cPp6Id5UdCsiUTvV9q21/view?usp=share_link,Lucrecio,NA
Cataluña,Girona,Castell-Platja D'aro,NA,,Privada,Museo,No,"Lorem ipsum dolor sit amet, consectetur adipiscing elit, sed do eiusmod tempor incididunt ut labore et dolore magna aliqua. Ut enim ad minim veniam, quis nostrud exercitation ullamco laboris nisi ut aliquip ex ea commodo consequat.","Avenida Castell D'aro, 122",3.050861,41.816222,NA,https://drive.google.com/file/d/1CXnsp7TRdz5z-OIF7sdVQGlYd-n6tzR4/view?usp=share_link,https://drive.google.com/file/d/1X-GxXYbkgDjfmbrN0tOZ6jg0-ETNH03F/view?usp=share_link,https://drive.google.com/file/d/1GTd4dXMNjya-qGgTKZ6M50zuOW4d1LKi/view?usp=share_link,Lucrecio,NA
Andalucía,Córdoba,Aguilar De La Frontera,NA,,Privada,Museo,No,"Duis aute irure dolor in reprehenderit in voluptate velit esse cillum dolore eu fugiat nulla pariatur. Excepteur sint occaecat cupidatat non proident, sunt in culpa qui officia deserunt mollit anim id est laborum.","Avenida Antonio Sanchez, 21",-4.654778,37.509861,NA,https://drive.google.com/file/d/1Wez9fUrHqZmP_HnQigh5OoHEXJSJFlG2/view?usp=share_link,https://drive.google.com/file/d/1UaeOf3tBDNXRFqvwdMnGAI_zummZUxT9/view?usp=share_link,https://drive.google.com/file/d/15I1Dhz7SZ2Y9cPp6Id5UdCsiUTvV9q21/view?usp=share_link,Lucrecio,NA
Andalucía,Córdoba,Palma Del Río,NA,,Privada,Museo,No,"Lorem ipsum dolor sit amet, consectetur adipiscing elit, sed do eiusmod tempor incididunt ut labore et dolore magna aliqua. Ut enim ad minim veniam, quis nostrud exercitation ullamco laboris nisi ut aliquip ex ea commodo consequat.","Avenida Avenida De La Paz Sn  / Gran Via Aulio Cornelio Palma  Sn, Sn",-5.272694,37.700056,NA,https://drive.google.com/file/d/1CXnsp7TRdz5z-OIF7sdVQGlYd-n6tzR4/view?usp=share_link,https://drive.google.com/file/d/1X-GxXYbkgDjfmbrN0tOZ6jg0-ETNH03F/view?usp=share_link,https://drive.google.com/file/d/1GTd4dXMNjya-qGgTKZ6M50zuOW4d1LKi/view?usp=share_link,Lucrecio,NA
Andalucía,Almería,El Ejido,NA,,Privada,Museo,No,"Duis aute irure dolor in reprehenderit in voluptate velit esse cillum dolore eu fugiat nulla pariatur. Excepteur sint occaecat cupidatat non proident, sunt in culpa qui officia deserunt mollit anim id est laborum.","Calle Agua, 60",-2.691417,36.709667,NA,https://drive.google.com/file/d/1Wez9fUrHqZmP_HnQigh5OoHEXJSJFlG2/view?usp=share_link,https://drive.google.com/file/d/1UaeOf3tBDNXRFqvwdMnGAI_zummZUxT9/view?usp=share_link,https://drive.google.com/file/d/15I1Dhz7SZ2Y9cPp6Id5UdCsiUTvV9q21/view?usp=share_link,Lucrecio,NA
Andalucía,Almería,Fines,NA,,Privada,Museo,No,"Lorem ipsum dolor sit amet, consectetur adipiscing elit, sed do eiusmod tempor incididunt ut labore et dolore magna aliqua. Ut enim ad minim veniam, quis nostrud exercitation ullamco laboris nisi ut aliquip ex ea commodo consequat.","Calle Argentina (Cañ), 34",-2.266972,37.363417,NA,https://drive.google.com/file/d/1CXnsp7TRdz5z-OIF7sdVQGlYd-n6tzR4/view?usp=share_link,https://drive.google.com/file/d/1X-GxXYbkgDjfmbrN0tOZ6jg0-ETNH03F/view?usp=share_link,https://drive.google.com/file/d/1GTd4dXMNjya-qGgTKZ6M50zuOW4d1LKi/view?usp=share_link,Lucrecio,NA
País Vasco,Gipuzkoa,Donostia/San Sebastián,NA,,Privada,Museo,No,"Duis aute irure dolor in reprehenderit in voluptate velit esse cillum dolore eu fugiat nulla pariatur. Excepteur sint occaecat cupidatat non proident, sunt in culpa qui officia deserunt mollit anim id est laborum.","Avenida Hipodromo, S/N",-2.023,43.25425,NA,https://drive.google.com/file/d/1Wez9fUrHqZmP_HnQigh5OoHEXJSJFlG2/view?usp=share_link,https://drive.google.com/file/d/1UaeOf3tBDNXRFqvwdMnGAI_zummZUxT9/view?usp=share_link,https://drive.google.com/file/d/15I1Dhz7SZ2Y9cPp6Id5UdCsiUTvV9q21/view?usp=share_link,Lucrecio,NA
País Vasco,Gipuzkoa,Irun,NA,,Privada,Museo,No,"Lorem ipsum dolor sit amet, consectetur adipiscing elit, sed do eiusmod tempor incididunt ut labore et dolore magna aliqua. Ut enim ad minim veniam, quis nostrud exercitation ullamco laboris nisi ut aliquip ex ea commodo consequat.","Avenida Iparralde, 42",-1.787028,43.347278,NA,https://drive.google.com/file/d/1CXnsp7TRdz5z-OIF7sdVQGlYd-n6tzR4/view?usp=share_link,https://drive.google.com/file/d/1X-GxXYbkgDjfmbrN0tOZ6jg0-ETNH03F/view?usp=share_link,https://drive.google.com/file/d/1GTd4dXMNjya-qGgTKZ6M50zuOW4d1LKi/view?usp=share_link,Lucrecia,NA
Castilla-La Mancha,Toledo,Illescas,NA,,Privada,Colegio,No,"Duis aute irure dolor in reprehenderit in voluptate velit esse cillum dolore eu fugiat nulla pariatur. Excepteur sint occaecat cupidatat non proident, sunt in culpa qui officia deserunt mollit anim id est laborum.","Avenida Castilla La Mancha, 79",-3.84625,40.126306,NA,https://drive.google.com/file/d/1Wez9fUrHqZmP_HnQigh5OoHEXJSJFlG2/view?usp=share_link,https://drive.google.com/file/d/1UaeOf3tBDNXRFqvwdMnGAI_zummZUxT9/view?usp=share_link,https://drive.google.com/file/d/15I1Dhz7SZ2Y9cPp6Id5UdCsiUTvV9q21/view?usp=share_link,Lucrecia,NA
Castilla-La Mancha,Toledo,Alameda De La Sagra,NA,,Privada,Colegio,No,"Lorem ipsum dolor sit amet, consectetur adipiscing elit, sed do eiusmod tempor incididunt ut labore et dolore magna aliqua. Ut enim ad minim veniam, quis nostrud exercitation ullamco laboris nisi ut aliquip ex ea commodo consequat.","Avenida Castilla La Mancha, 8",-3.805028,40.014778,NA,https://drive.google.com/file/d/1CXnsp7TRdz5z-OIF7sdVQGlYd-n6tzR4/view?usp=share_link,https://drive.google.com/file/d/1X-GxXYbkgDjfmbrN0tOZ6jg0-ETNH03F/view?usp=share_link,https://drive.google.com/file/d/1GTd4dXMNjya-qGgTKZ6M50zuOW4d1LKi/view?usp=share_link,Lucrecia,NA
Extremadura,Badajoz,Acedera,NA,,Privada,Colegio,No,"Duis aute irure dolor in reprehenderit in voluptate velit esse cillum dolore eu fugiat nulla pariatur. Excepteur sint occaecat cupidatat non proident, sunt in culpa qui officia deserunt mollit anim id est laborum.","Plaza De La Iglesia, S/N",-5.625139,39.084861,NA,https://drive.google.com/file/d/1Wez9fUrHqZmP_HnQigh5OoHEXJSJFlG2/view?usp=share_link,https://drive.google.com/file/d/1UaeOf3tBDNXRFqvwdMnGAI_zummZUxT9/view?usp=share_link,https://drive.google.com/file/d/15I1Dhz7SZ2Y9cPp6Id5UdCsiUTvV9q21/view?usp=share_link,Lucrecia,NA
Extremadura,Badajoz,Badajoz,NA,,Privada,Colegio,No,"Lorem ipsum dolor sit amet, consectetur adipiscing elit, sed do eiusmod tempor incididunt ut labore et dolore magna aliqua. Ut enim ad minim veniam, quis nostrud exercitation ullamco laboris nisi ut aliquip ex ea commodo consequat.","Plaza Plaza Del Pilar, S/N, S/N",-6.971306,38.874333,NA,https://drive.google.com/file/d/1CXnsp7TRdz5z-OIF7sdVQGlYd-n6tzR4/view?usp=share_link,https://drive.google.com/file/d/1X-GxXYbkgDjfmbrN0tOZ6jg0-ETNH03F/view?usp=share_link,https://drive.google.com/file/d/1GTd4dXMNjya-qGgTKZ6M50zuOW4d1LKi/view?usp=share_link,Lucrecia,NA
Navarra,Navarra,Carcastillo,NA,,Privada,Colegio,No,"Duis aute irure dolor in reprehenderit in voluptate velit esse cillum dolore eu fugiat nulla pariatur. Excepteur sint occaecat cupidatat non proident, sunt in culpa qui officia deserunt mollit anim id est laborum.",Avenida Aragon 50,-1.44323,42.373833,NA,https://drive.google.com/file/d/1Wez9fUrHqZmP_HnQigh5OoHEXJSJFlG2/view?usp=share_link,https://drive.google.com/file/d/1UaeOf3tBDNXRFqvwdMnGAI_zummZUxT9/view?usp=share_link,https://drive.google.com/file/d/15I1Dhz7SZ2Y9cPp6Id5UdCsiUTvV9q21/view?usp=share_link,Lucrecia,NA
Navarra,Navarra,Olite/Erriberri,NA,,Privada,Colegio,No,"Lorem ipsum dolor sit amet, consectetur adipiscing elit, sed do eiusmod tempor incididunt ut labore et dolore magna aliqua. Ut enim ad minim veniam, quis nostrud exercitation ullamco laboris nisi ut aliquip ex ea commodo consequat.","Avenida Beire, 55",-1.645444,42.474083,NA,https://drive.google.com/file/d/1CXnsp7TRdz5z-OIF7sdVQGlYd-n6tzR4/view?usp=share_link,https://drive.google.com/file/d/1X-GxXYbkgDjfmbrN0tOZ6jg0-ETNH03F/view?usp=share_link,https://drive.google.com/file/d/1GTd4dXMNjya-qGgTKZ6M50zuOW4d1LKi/view?usp=share_link,Lucrecia,NA
Andalucía,Jaén,Úbeda,NA,,Privada,Colegio,No,"Duis aute irure dolor in reprehenderit in voluptate velit esse cillum dolore eu fugiat nulla pariatur. Excepteur sint occaecat cupidatat non proident, sunt in culpa qui officia deserunt mollit anim id est laborum.","Calle Carretera De Vilches, S/N",-3.369528,38.026167,NA,https://drive.google.com/file/d/1Wez9fUrHqZmP_HnQigh5OoHEXJSJFlG2/view?usp=share_link,https://drive.google.com/file/d/1UaeOf3tBDNXRFqvwdMnGAI_zummZUxT9/view?usp=share_link,https://drive.google.com/file/d/15I1Dhz7SZ2Y9cPp6Id5UdCsiUTvV9q21/view?usp=share_link,Lucrecia,NA
Andalucía,Jaén,Jaén,NA,,Privada,Colegio,No,"Lorem ipsum dolor sit amet, consectetur adipiscing elit, sed do eiusmod tempor incididunt ut labore et dolore magna aliqua. Ut enim ad minim veniam, quis nostrud exercitation ullamco laboris nisi ut aliquip ex ea commodo consequat.","Calle Castellar, S/N",-3.785694,37.794667,NA,https://drive.google.com/file/d/1CXnsp7TRdz5z-OIF7sdVQGlYd-n6tzR4/view?usp=share_link,https://drive.google.com/file/d/1X-GxXYbkgDjfmbrN0tOZ6jg0-ETNH03F/view?usp=share_link,https://drive.google.com/file/d/1GTd4dXMNjya-qGgTKZ6M50zuOW4d1LKi/view?usp=share_link,Lucrecia,NA
Comunidad Valenciana,Castellón/Castelló,Borriana/Burriana,NA,,Privada,Colegio,No,"Duis aute irure dolor in reprehenderit in voluptate velit esse cillum dolore eu fugiat nulla pariatur. Excepteur sint occaecat cupidatat non proident, sunt in culpa qui officia deserunt mollit anim id est laborum.","Cl Avenida Jaime Chicharro, 6",-0.080611,39.882778,NA,https://drive.google.com/file/d/1Wez9fUrHqZmP_HnQigh5OoHEXJSJFlG2/view?usp=share_link,https://drive.google.com/file/d/1UaeOf3tBDNXRFqvwdMnGAI_zummZUxT9/view?usp=share_link,https://drive.google.com/file/d/15I1Dhz7SZ2Y9cPp6Id5UdCsiUTvV9q21/view?usp=share_link,Lucrecia,NA
Comunidad Valenciana,Castellón/Castelló,Segorbe,NA,,Privada,Colegio,No,"Lorem ipsum dolor sit amet, consectetur adipiscing elit, sed do eiusmod tempor incididunt ut labore et dolore magna aliqua. Ut enim ad minim veniam, quis nostrud exercitation ullamco laboris nisi ut aliquip ex ea commodo consequat.","Cl Avenida Navarro Reverter, 10",-0.486611,39.849972,NA,https://drive.google.com/file/d/1CXnsp7TRdz5z-OIF7sdVQGlYd-n6tzR4/view?usp=share_link,https://drive.google.com/file/d/1X-GxXYbkgDjfmbrN0tOZ6jg0-ETNH03F/view?usp=share_link,https://drive.google.com/file/d/1GTd4dXMNjya-qGgTKZ6M50zuOW4d1LKi/view?usp=share_link,Lucrecia,NA
Cantabria,Cantabria,El Astillero,NA,,Privada,Colegio,No,"Duis aute irure dolor in reprehenderit in voluptate velit esse cillum dolore eu fugiat nulla pariatur. Excepteur sint occaecat cupidatat non proident, sunt in culpa qui officia deserunt mollit anim id est laborum.","Calle Boo, 52",-3.8435,43.412222,NA,https://drive.google.com/file/d/1Wez9fUrHqZmP_HnQigh5OoHEXJSJFlG2/view?usp=share_link,https://drive.google.com/file/d/1UaeOf3tBDNXRFqvwdMnGAI_zummZUxT9/view?usp=share_link,https://drive.google.com/file/d/15I1Dhz7SZ2Y9cPp6Id5UdCsiUTvV9q21/view?usp=share_link,Lucrecia,NA
Cantabria,Cantabria,Cartes,NA,,Privada,Colegio,No,"Lorem ipsum dolor sit amet, consectetur adipiscing elit, sed do eiusmod tempor incididunt ut labore et dolore magna aliqua. Ut enim ad minim veniam, quis nostrud exercitation ullamco laboris nisi ut aliquip ex ea commodo consequat.","Calle Cartes-Carabete, 9",-4.07425,43.322556,NA,https://drive.google.com/file/d/1CXnsp7TRdz5z-OIF7sdVQGlYd-n6tzR4/view?usp=share_link,https://drive.google.com/file/d/1X-GxXYbkgDjfmbrN0tOZ6jg0-ETNH03F/view?usp=share_link,https://drive.google.com/file/d/1GTd4dXMNjya-qGgTKZ6M50zuOW4d1LKi/view?usp=share_link,Lucrecia,NA
Andalucía,Huelva,Ayamonte,NA,,Privada,Colegio,No,"Duis aute irure dolor in reprehenderit in voluptate velit esse cillum dolore eu fugiat nulla pariatur. Excepteur sint occaecat cupidatat non proident, sunt in culpa qui officia deserunt mollit anim id est laborum.","Avenida Cayetano Feu, N",-7.400972,37.21425,NA,https://drive.google.com/file/d/1Wez9fUrHqZmP_HnQigh5OoHEXJSJFlG2/view?usp=share_link,https://drive.google.com/file/d/1UaeOf3tBDNXRFqvwdMnGAI_zummZUxT9/view?usp=share_link,https://drive.google.com/file/d/15I1Dhz7SZ2Y9cPp6Id5UdCsiUTvV9q21/view?usp=share_link,Lucrecia,NA
Andalucía,Huelva,Puebla De Guzmán,NA,,Privada,Colegio,No,"Lorem ipsum dolor sit amet, consectetur adipiscing elit, sed do eiusmod tempor incididunt ut labore et dolore magna aliqua. Ut enim ad minim veniam, quis nostrud exercitation ullamco laboris nisi ut aliquip ex ea commodo consequat.","Avenida Constitucion De La, 15",-7.252361,37.610556,NA,https://drive.google.com/file/d/1CXnsp7TRdz5z-OIF7sdVQGlYd-n6tzR4/view?usp=share_link,https://drive.google.com/file/d/1X-GxXYbkgDjfmbrN0tOZ6jg0-ETNH03F/view?usp=share_link,https://drive.google.com/file/d/1GTd4dXMNjya-qGgTKZ6M50zuOW4d1LKi/view?usp=share_link,Lucrecia,NA
Castilla y León,Valladolid,Valladolid,NA,,Privada,Colegio,No,"Duis aute irure dolor in reprehenderit in voluptate velit esse cillum dolore eu fugiat nulla pariatur. Excepteur sint occaecat cupidatat non proident, sunt in culpa qui officia deserunt mollit anim id est laborum.","Avenida De Burgos, 51",-4.724222,41.674361,NA,https://drive.google.com/file/d/1Wez9fUrHqZmP_HnQigh5OoHEXJSJFlG2/view?usp=share_link,https://drive.google.com/file/d/1UaeOf3tBDNXRFqvwdMnGAI_zummZUxT9/view?usp=share_link,https://drive.google.com/file/d/15I1Dhz7SZ2Y9cPp6Id5UdCsiUTvV9q21/view?usp=share_link,Lucrecia,NA
Castilla y León,Valladolid,Medina Del Campo,NA,,Privada,Colegio,No,"Lorem ipsum dolor sit amet, consectetur adipiscing elit, sed do eiusmod tempor incididunt ut labore et dolore magna aliqua. Ut enim ad minim veniam, quis nostrud exercitation ullamco laboris nisi ut aliquip ex ea commodo consequat.","Avenida De La Constitucion, 54",-4.916472,41.318139,NA,https://drive.google.com/file/d/1CXnsp7TRdz5z-OIF7sdVQGlYd-n6tzR4/view?usp=share_link,https://drive.google.com/file/d/1X-GxXYbkgDjfmbrN0tOZ6jg0-ETNH03F/view?usp=share_link,https://drive.google.com/file/d/1GTd4dXMNjya-qGgTKZ6M50zuOW4d1LKi/view?usp=share_link,Lucrecia,NA
Castilla-La Mancha,Ciudad Real,Daimiel,NA,,Privada,Colegio,No,"Duis aute irure dolor in reprehenderit in voluptate velit esse cillum dolore eu fugiat nulla pariatur. Excepteur sint occaecat cupidatat non proident, sunt in culpa qui officia deserunt mollit anim id est laborum.","Calle Tiburcio, 98",-3.618194,39.062222,NA,https://drive.google.com/file/d/1Wez9fUrHqZmP_HnQigh5OoHEXJSJFlG2/view?usp=share_link,https://drive.google.com/file/d/1UaeOf3tBDNXRFqvwdMnGAI_zummZUxT9/view?usp=share_link,https://drive.google.com/file/d/15I1Dhz7SZ2Y9cPp6Id5UdCsiUTvV9q21/view?usp=share_link,Lucrecia,NA
Castilla-La Mancha,Ciudad Real,Porzuna,NA,,Privada,Colegio,No,"Lorem ipsum dolor sit amet, consectetur adipiscing elit, sed do eiusmod tempor incididunt ut labore et dolore magna aliqua. Ut enim ad minim veniam, quis nostrud exercitation ullamco laboris nisi ut aliquip ex ea commodo consequat.","Calle Toledo,, 50",-4.162472,39.153139,NA,https://drive.google.com/file/d/1CXnsp7TRdz5z-OIF7sdVQGlYd-n6tzR4/view?usp=share_link,https://drive.google.com/file/d/1X-GxXYbkgDjfmbrN0tOZ6jg0-ETNH03F/view?usp=share_link,https://drive.google.com/file/d/1GTd4dXMNjya-qGgTKZ6M50zuOW4d1LKi/view?usp=share_link,Lucrecia,NA
Castilla y León,León,Santa María De La Isla,NA,,Privada,Colegio,No,"Duis aute irure dolor in reprehenderit in voluptate velit esse cillum dolore eu fugiat nulla pariatur. Excepteur sint occaecat cupidatat non proident, sunt in culpa qui officia deserunt mollit anim id est laborum.","Calle El Parque, 9",-5.935528,42.375139,NA,https://drive.google.com/file/d/1Wez9fUrHqZmP_HnQigh5OoHEXJSJFlG2/view?usp=share_link,https://drive.google.com/file/d/1UaeOf3tBDNXRFqvwdMnGAI_zummZUxT9/view?usp=share_link,https://drive.google.com/file/d/15I1Dhz7SZ2Y9cPp6Id5UdCsiUTvV9q21/view?usp=share_link,Lucrecia,NA
Cataluña,Lleida,Lleida,NA,,Privada,Colegio,No,"Lorem ipsum dolor sit amet, consectetur adipiscing elit, sed do eiusmod tempor incididunt ut labore et dolore magna aliqua. Ut enim ad minim veniam, quis nostrud exercitation ullamco laboris nisi ut aliquip ex ea commodo consequat.","Calle Enginyer Antoni Llobet, S/N",0.632167,41.602444,NA,https://drive.google.com/file/d/1CXnsp7TRdz5z-OIF7sdVQGlYd-n6tzR4/view?usp=share_link,https://drive.google.com/file/d/1X-GxXYbkgDjfmbrN0tOZ6jg0-ETNH03F/view?usp=share_link,https://drive.google.com/file/d/1GTd4dXMNjya-qGgTKZ6M50zuOW4d1LKi/view?usp=share_link,Lucrecia,NA
Extremadura,Cáceres,Cáceres,NA,,Privada,Colegio,No,"Duis aute irure dolor in reprehenderit in voluptate velit esse cillum dolore eu fugiat nulla pariatur. Excepteur sint occaecat cupidatat non proident, sunt in culpa qui officia deserunt mollit anim id est laborum.","Calle Gil Cordero, S,N",-6.382444,39.469417,NA,https://drive.google.com/file/d/1Wez9fUrHqZmP_HnQigh5OoHEXJSJFlG2/view?usp=share_link,https://drive.google.com/file/d/1UaeOf3tBDNXRFqvwdMnGAI_zummZUxT9/view?usp=share_link,https://drive.google.com/file/d/15I1Dhz7SZ2Y9cPp6Id5UdCsiUTvV9q21/view?usp=share_link,Lucrecia,NA
Castilla-La Mancha,Albacete,Albacete,NA,,Privada,Colegio,No,"Lorem ipsum dolor sit amet, consectetur adipiscing elit, sed do eiusmod tempor incididunt ut labore et dolore magna aliqua. Ut enim ad minim veniam, quis nostrud exercitation ullamco laboris nisi ut aliquip ex ea commodo consequat.","Calle Hermanos Falcó, 2",-1.849028,38.98925,NA,https://drive.google.com/file/d/1CXnsp7TRdz5z-OIF7sdVQGlYd-n6tzR4/view?usp=share_link,https://drive.google.com/file/d/1X-GxXYbkgDjfmbrN0tOZ6jg0-ETNH03F/view?usp=share_link,https://drive.google.com/file/d/1GTd4dXMNjya-qGgTKZ6M50zuOW4d1LKi/view?usp=share_link,Lucrecia,NA
Castilla y León,Burgos,Burgos,NA,,Privada,Colegio,No,"Duis aute irure dolor in reprehenderit in voluptate velit esse cillum dolore eu fugiat nulla pariatur. Excepteur sint occaecat cupidatat non proident, sunt in culpa qui officia deserunt mollit anim id est laborum.","Calle Juan Ramón Jimenez, S/N",-3.660306,42.351167,NA,https://drive.google.com/file/d/1Wez9fUrHqZmP_HnQigh5OoHEXJSJFlG2/view?usp=share_link,https://drive.google.com/file/d/1UaeOf3tBDNXRFqvwdMnGAI_zummZUxT9/view?usp=share_link,https://drive.google.com/file/d/15I1Dhz7SZ2Y9cPp6Id5UdCsiUTvV9q21/view?usp=share_link,Lucrecia,NA
País Vasco,Araba/Álava,Vitoria-Gasteiz,NA,,Privada,Colegio,No,"Lorem ipsum dolor sit amet, consectetur adipiscing elit, sed do eiusmod tempor incididunt ut labore et dolore magna aliqua. Ut enim ad minim veniam, quis nostrud exercitation ullamco laboris nisi ut aliquip ex ea commodo consequat.","Calle Jundiz, 14",-2.736361,42.83675,NA,https://drive.google.com/file/d/1CXnsp7TRdz5z-OIF7sdVQGlYd-n6tzR4/view?usp=share_link,https://drive.google.com/file/d/1X-GxXYbkgDjfmbrN0tOZ6jg0-ETNH03F/view?usp=share_link,https://drive.google.com/file/d/1GTd4dXMNjya-qGgTKZ6M50zuOW4d1LKi/view?usp=share_link,Lucrecia,NA
Castilla y León,Salamanca,Carbajosa De La Sagrada,NA,,Privada,Colegio,No,"Duis aute irure dolor in reprehenderit in voluptate velit esse cillum dolore eu fugiat nulla pariatur. Excepteur sint occaecat cupidatat non proident, sunt in culpa qui officia deserunt mollit anim id est laborum.","Calle Newton, 13",-5.655139,40.943306,NA,https://drive.google.com/file/d/1Wez9fUrHqZmP_HnQigh5OoHEXJSJFlG2/view?usp=share_link,https://drive.google.com/file/d/1UaeOf3tBDNXRFqvwdMnGAI_zummZUxT9/view?usp=share_link,https://drive.google.com/file/d/15I1Dhz7SZ2Y9cPp6Id5UdCsiUTvV9q21/view?usp=share_link,Lucrecia,NA
La Rioja,La Rioja,Logroño,NA,,Privada,Colegio,No,"Lorem ipsum dolor sit amet, consectetur adipiscing elit, sed do eiusmod tempor incididunt ut labore et dolore magna aliqua. Ut enim ad minim veniam, quis nostrud exercitation ullamco laboris nisi ut aliquip ex ea commodo consequat.","Calle Piqueras, 22",-2.432361,42.456556,NA,https://drive.google.com/file/d/1CXnsp7TRdz5z-OIF7sdVQGlYd-n6tzR4/view?usp=share_link,https://drive.google.com/file/d/1X-GxXYbkgDjfmbrN0tOZ6jg0-ETNH03F/view?usp=share_link,https://drive.google.com/file/d/1GTd4dXMNjya-qGgTKZ6M50zuOW4d1LKi/view?usp=share_link,Lucrecia,NA
Galicia,Ourense,Ourense,NA,,Privada,Colegio,No,"Duis aute irure dolor in reprehenderit in voluptate velit esse cillum dolore eu fugiat nulla pariatur. Excepteur sint occaecat cupidatat non proident, sunt in culpa qui officia deserunt mollit anim id est laborum.","Calle Poblado Velle, S/N",-7.844639,42.356944,NA,https://drive.google.com/file/d/1Wez9fUrHqZmP_HnQigh5OoHEXJSJFlG2/view?usp=share_link,https://drive.google.com/file/d/1UaeOf3tBDNXRFqvwdMnGAI_zummZUxT9/view?usp=share_link,https://drive.google.com/file/d/15I1Dhz7SZ2Y9cPp6Id5UdCsiUTvV9q21/view?usp=share_link,Lucrecia,NA
Castilla-La Mancha,Guadalajara,Yunquera De Henares,NA,,Privada,Colegio,No,"Lorem ipsum dolor sit amet, consectetur adipiscing elit, sed do eiusmod tempor incididunt ut labore et dolore magna aliqua. Ut enim ad minim veniam, quis nostrud exercitation ullamco laboris nisi ut aliquip ex ea commodo consequat.","Calle Real, 122",-3.166861,40.750139,NA,https://drive.google.com/file/d/1CXnsp7TRdz5z-OIF7sdVQGlYd-n6tzR4/view?usp=share_link,https://drive.google.com/file/d/1X-GxXYbkgDjfmbrN0tOZ6jg0-ETNH03F/view?usp=share_link,https://drive.google.com/file/d/1GTd4dXMNjya-qGgTKZ6M50zuOW4d1LKi/view?usp=share_link,Lucrecia,NA
Aragón,Huesca,Jaca,NA,,Privada,Colegio,No,"Duis aute irure dolor in reprehenderit in voluptate velit esse cillum dolore eu fugiat nulla pariatur. Excepteur sint occaecat cupidatat non proident, sunt in culpa qui officia deserunt mollit anim id est laborum.","Calle Rio Aragon, 1",-0.570222,42.563667,NA,https://drive.google.com/file/d/1Wez9fUrHqZmP_HnQigh5OoHEXJSJFlG2/view?usp=share_link,https://drive.google.com/file/d/1UaeOf3tBDNXRFqvwdMnGAI_zummZUxT9/view?usp=share_link,https://drive.google.com/file/d/15I1Dhz7SZ2Y9cPp6Id5UdCsiUTvV9q21/view?usp=share_link,Lucrecia,NA
Castilla-La Mancha,Cuenca,Saelices,NA,,Privada,Colegio,No,"Lorem ipsum dolor sit amet, consectetur adipiscing elit, sed do eiusmod tempor incididunt ut labore et dolore magna aliqua. Ut enim ad minim veniam, quis nostrud exercitation ullamco laboris nisi ut aliquip ex ea commodo consequat.","Calle Sacramento, S/N",-2.808111,39.919667,NA,https://drive.google.com/file/d/1CXnsp7TRdz5z-OIF7sdVQGlYd-n6tzR4/view?usp=share_link,https://drive.google.com/file/d/1X-GxXYbkgDjfmbrN0tOZ6jg0-ETNH03F/view?usp=share_link,https://drive.google.com/file/d/1GTd4dXMNjya-qGgTKZ6M50zuOW4d1LKi/view?usp=share_link,Lucrecia,NA
Castilla y León,Zamora,Zamora,NA,,Privada,Colegio,No,"Duis aute irure dolor in reprehenderit in voluptate velit esse cillum dolore eu fugiat nulla pariatur. Excepteur sint occaecat cupidatat non proident, sunt in culpa qui officia deserunt mollit anim id est laborum.","Calle Salamanca, 46",-5.741583,41.495,NA,https://drive.google.com/file/d/1Wez9fUrHqZmP_HnQigh5OoHEXJSJFlG2/view?usp=share_link,https://drive.google.com/file/d/1UaeOf3tBDNXRFqvwdMnGAI_zummZUxT9/view?usp=share_link,https://drive.google.com/file/d/15I1Dhz7SZ2Y9cPp6Id5UdCsiUTvV9q21/view?usp=share_link,Lucrecia,NA
Castilla y León,Palencia,Palencia,NA,,Privada,Colegio,No,"Lorem ipsum dolor sit amet, consectetur adipiscing elit, sed do eiusmod tempor incididunt ut labore et dolore magna aliqua. Ut enim ad minim veniam, quis nostrud exercitation ullamco laboris nisi ut aliquip ex ea commodo consequat.","Carretera C-615 Km. 2,3",-4.550361,42.027889,NA,https://drive.google.com/file/d/1CXnsp7TRdz5z-OIF7sdVQGlYd-n6tzR4/view?usp=share_link,https://drive.google.com/file/d/1X-GxXYbkgDjfmbrN0tOZ6jg0-ETNH03F/view?usp=share_link,https://drive.google.com/file/d/1GTd4dXMNjya-qGgTKZ6M50zuOW4d1LKi/view?usp=share_link,Lucrecia,NA
Castilla y León,Ávila,El Hoyo De Pinares,NA,,Privada,Piscina,No,"Duis aute irure dolor in reprehenderit in voluptate velit esse cillum dolore eu fugiat nulla pariatur. Excepteur sint occaecat cupidatat non proident, sunt in culpa qui officia deserunt mollit anim id est laborum.","Carretera Cebreros Km. 6,18",-4.427083,40.497806,NA,https://drive.google.com/file/d/1Wez9fUrHqZmP_HnQigh5OoHEXJSJFlG2/view?usp=share_link,https://drive.google.com/file/d/1UaeOf3tBDNXRFqvwdMnGAI_zummZUxT9/view?usp=share_link,https://drive.google.com/file/d/15I1Dhz7SZ2Y9cPp6Id5UdCsiUTvV9q21/view?usp=share_link,Lucrecia,NA
Castilla y León,Segovia,Vallelado,NA,,Privada,Piscina,No,"Lorem ipsum dolor sit amet, consectetur adipiscing elit, sed do eiusmod tempor incididunt ut labore et dolore magna aliqua. Ut enim ad minim veniam, quis nostrud exercitation ullamco laboris nisi ut aliquip ex ea commodo consequat.","Carretera Cl 602 Olmedo- Cuellar Km. 101,640",-4.443889,41.398889,NA,https://drive.google.com/file/d/1CXnsp7TRdz5z-OIF7sdVQGlYd-n6tzR4/view?usp=share_link,https://drive.google.com/file/d/1X-GxXYbkgDjfmbrN0tOZ6jg0-ETNH03F/view?usp=share_link,https://drive.google.com/file/d/1GTd4dXMNjya-qGgTKZ6M50zuOW4d1LKi/view?usp=share_link,Lucrecia,NA
Aragón,Teruel,Mas De Las Matas,NA,,Privada,Piscina,No,"Duis aute irure dolor in reprehenderit in voluptate velit esse cillum dolore eu fugiat nulla pariatur. Excepteur sint occaecat cupidatat non proident, sunt in culpa qui officia deserunt mollit anim id est laborum.","Carretera De Calanda, S/N",-0.244624,40.8362,NA,https://drive.google.com/file/d/1Wez9fUrHqZmP_HnQigh5OoHEXJSJFlG2/view?usp=share_link,https://drive.google.com/file/d/1UaeOf3tBDNXRFqvwdMnGAI_zummZUxT9/view?usp=share_link,https://drive.google.com/file/d/15I1Dhz7SZ2Y9cPp6Id5UdCsiUTvV9q21/view?usp=share_link,Lucrecia,NA
Castilla y León,Segovia,La Lastrilla,NA,,Privada,Piscina,No,"Lorem ipsum dolor sit amet, consectetur adipiscing elit, sed do eiusmod tempor incididunt ut labore et dolore magna aliqua. Ut enim ad minim veniam, quis nostrud exercitation ullamco laboris nisi ut aliquip ex ea commodo consequat.",Carretera N-110 A Soria Km 189 Parking Supermercado Km. 110,-4.098417,40.965917,NA,https://drive.google.com/file/d/1CXnsp7TRdz5z-OIF7sdVQGlYd-n6tzR4/view?usp=share_link,https://drive.google.com/file/d/1X-GxXYbkgDjfmbrN0tOZ6jg0-ETNH03F/view?usp=share_link,https://drive.google.com/file/d/1GTd4dXMNjya-qGgTKZ6M50zuOW4d1LKi/view?usp=share_link,Lucrecia,NA
Melilla,Melilla,Melilla,NA,,Privada,Piscina,No,"Duis aute irure dolor in reprehenderit in voluptate velit esse cillum dolore eu fugiat nulla pariatur. Excepteur sint occaecat cupidatat non proident, sunt in culpa qui officia deserunt mollit anim id est laborum.",General Polavieja Nº 2,-2.942194,35.286722,NA,https://drive.google.com/file/d/1Wez9fUrHqZmP_HnQigh5OoHEXJSJFlG2/view?usp=share_link,https://drive.google.com/file/d/1UaeOf3tBDNXRFqvwdMnGAI_zummZUxT9/view?usp=share_link,https://drive.google.com/file/d/15I1Dhz7SZ2Y9cPp6Id5UdCsiUTvV9q21/view?usp=share_link,Lucrecia,NA
Ceuta,Ceuta,Ceuta,NA,,Privada,Piscina,No,"Lorem ipsum dolor sit amet, consectetur adipiscing elit, sed do eiusmod tempor incididunt ut labore et dolore magna aliqua. Ut enim ad minim veniam, quis nostrud exercitation ullamco laboris nisi ut aliquip ex ea commodo consequat.","Muelle Alfau, S/N",-5.300861,35.894722,NA,https://drive.google.com/file/d/1CXnsp7TRdz5z-OIF7sdVQGlYd-n6tzR4/view?usp=share_link,NA,NA,Lucrecia,NA
