destacado,ccaa,provincia,municipio,mostrar,id,nombre,codigo_ine,titularidad,fin,uso,descripcion,direccion,latitud,longitud,coor_google,foto_1,fuente_1,foto_2,fuente_2,foto_3,fuente_3,participante
,Región de Murcia,Región de Murcia,Alhama de Murcia,true,3000801,Campo de Vuelo Residential,30008,Privada,Residencial,Uso parcial,"Localizado gracias a <i>Ruinas Modernas. Una topografía de lucro</i>, de Julia Schulz-Dornburg, y a la base de datos en <a href=""https://github.com/cadaveresinmob"" target=""_blank"">GitHub</a> de la antigua web Cadáveres inmobiliarios. De la urbanización Campo de Vuelo Residential, también conocida como ""Pequeña Ciudad del Vuelo"", solo ha visto la luz la pista de aterrizaje, que ahora es propiedad de Rotorsun, un grupo de servicios aéreos, según informaba <a href=""https://murciaplaza.com/rotorsun-compra-el-aerodromo-de-la-fallida-urbanizacion-campo-de-vuelo-de-alhama"" target=""_blank""><i>Murcia Plaza</i></a> en 2021.","Calle Vial Principal, 30849",37.7572213,-1.2981318,"https://www.google.com/maps/@37.7572213,-1.2981318,3a,75y,210.7h,90.06t/data=!3m6!1e1!3m4!1sSrhBxBNuPlb27SWR207evQ!2e0!7i16384!8i8192",,,,,,,"<i>Ruinas Modernas. Una topografía de lucro<i>, de Julia Schulz-Dornburg"
,Región de Murcia,Región de Murcia,Alhama de Murcia,false,3000801,Campo de Vuelo Residential,30008,Privada,Deportivo,Uso parcial,"Localizado gracias a <i>Ruinas Modernas. Una topografía de lucro</i>, de Julia Schulz-Dornburg, y a la base de datos en <a href=""https://github.com/cadaveresinmob"" target=""_blank"">GitHub</a> de la antigua web Cadáveres inmobiliarios. De la urbanización Campo de Vuelo Residential, también conocida como ""Pequeña Ciudad del Vuelo"", solo ha visto la luz la pista de aterrizaje, que ahora es propiedad de Rotorsun, un grupo de servicios aéreos, según informaba <a href=""https://murciaplaza.com/rotorsun-compra-el-aerodromo-de-la-fallida-urbanizacion-campo-de-vuelo-de-alhama"" target=""_blank""><i>Murcia Plaza</i></a> en 2021.","Calle Vial Principal, 30849",37.7572213,-1.2981318,"https://www.google.com/maps/@37.7572213,-1.2981318,3a,75y,210.7h,90.06t/data=!3m6!1e1!3m4!1sSrhBxBNuPlb27SWR207evQ!2e0!7i16384!8i8192",,,,,,,"<i>Ruinas Modernas. Una topografía de lucro<i>, de Julia Schulz-Dornburg"
,Andalucía,Córdoba,Córdoba,true,1402101,Carretera a medias Ronda Norte,14021,Publica,Infraestructuras,Uso parcial,"Localizado gracias a la base de datos en <a href=""https://github.com/cadaveresinmob"" target=""_blank"">GitHub</a> de la antigua web Cadáveres inmobiliarios. La conocida como ""Ronda Norte"" tiene como objeto cerrar el anillo viario que debía cerrar Córdoba. Según informa Ángela Rodríguez, vecina de Córdoba, hay un tramo de la carretera que aún no está asfaltado y que sigue siendo ""campo"".","Ronda Norte, 14014",37.9035214,-4.7742361,"https://www.google.com/maps/@37.9035214,-4.7742361,3a,75y,287.92h,87.96t/data=!3m6!1e1!3m4!1s1o7nVRT94c840k6wzsuQmQ!2e0!7i16384!8i8192",https://rtve.es/contenidos/fotos/datos/2023/hormigon/cordoba_1.jpg,A. R.,https://rtve.es/contenidos/fotos/datos/2023/hormigon/cordoba_12.jpg,A. R.,https://rtve.es/contenidos/fotos/datos/2023/hormigon/cordoba_13.jpg,A. R.,Cadáveres inmobiliarios/Ángela Rodríguez 
,Comunidad Valenciana,Valencia,Alzira,true,4601701,Centro comercial Vilella,46017,Privada,Comercial/ocio,Sin uso,"Vecinos del municipio comentan que ese espacio iba a estar destinado para el futuro Centro Comercial Vilella, pero que finalmente el edificio no se construyó en su totalidad debido a la falta de inversión, tal y como recogía en 2010 el medio <a href=""https://www.elseisdoble.com/vernoticia/4897/los_promotores_del_centro_comercial_vilella_en_alzira_abandonan_definitivamente_el_proyecto"" target=""_blank""><i>elseisdoble.com</i></a>. En 2022, según <a href=""https://www.levante-emv.com/ribera/2022/10/25/consell-respalda-almacenar-agua-vilella-77703043.html"" target=""_blank""><i>Levante</i></a>, la federación de vecinos buscaba el apoyo del director general del Agua para que la parcela donde se haya la estructura, ahora propiedad de la Sareb, funcione como almacén de agua para evitar inundaciones.","CV-571 16, 46600",39.1417604,-0.4372937,"https://www.google.com/maps/@39.1417604,-0.4372937,3a,75y,78.82h,90.48t/data=!3m6!1e1!3m4!1sZNHjCdGVAtI67IWp5-Na0Q!2e0!7i16384!8i8192",https://rtve.es/contenidos/fotos/datos/2023/hormigon/alzira_1.jpg,G.P.,,,,,Cadáveres inmobiliarios
,Comunidad de Madrid,Comunidad de Madrid,Alcorcón,true,2800701,Centro de Creación de las Artes de Alcorcón (CREAA),28007,Publica,Otros,Sin uso,"Iba a ser el Centro de Creación de las Artes de Alcorcón (CREAA). En 2023, si el PSOE gana las elecciones, se pretende acabarlo y habilitar un espacio contra la violencia de género, según aclara el medio <a href=""https://alcorconhoy.com/creaa-alcorcon-mas-cerca-convertirse-en-ciudad-audiovisual"" target=""_blank""><i>alcorconhoy.com</i></a>.","Av. de la Libertad s/n, 28925",40.3514669,-3.8065464,"https://www.google.com/maps/@40.3514669,-3.8065464,3a,75y,28.02h,90.55t/data=!3m6!1e1!3m4!1s8IEabplRvpI3Nfkj74EaSw!2e0!7i16384!8i8192?hl=es",https://rtve.es/contenidos/fotos/datos/2023/hormigon/alcorcon_1.jpg,S. Q.,https://rtve.es/contenidos/fotos/datos/2023/hormigon/alcorcon_12.jpg,S. Q.,https://rtve.es/contenidos/fotos/datos/2023/hormigon/alcorcon_13.jpg,S. Q.,Isabel T.
,Castilla y León,Valladolid,Villavieja del Cerro (Tordesillas),true,4716501,Complejo de Aventuras Meseta Ski,47165,Privada,Deportivo,Sin uso,"Localizado gracias a <i>Ruinas Modernas. Una topografía de lucro</i>, de Julia Schulz-Dornburg, y a la base de datos en <a href=""https://github.com/cadaveresinmob"" target=""_blank"">GitHub</a> de la antigua web Cadáveres inmobiliarios. Las imágenes de satélite de Google Maps, de julio de 2012, permiten ver parte de la pista proyectada para el Complejo de Aventuras Meseta Ski, que en 2015 también adquirió el nombre de Meseta Sport. En 2022, según recoge <a href=""https://www.lavanguardia.com/vida/20220218/8066460/audiencia-valladolid-reabre-caso-meseta-ski.html"" target=""_blank""><i>La Vanguardia</i></a>, la Audiencia de Valladolid ordenó la reapertura de las diligencias penales por los delitos de prevaricación presuntamente cometidos por cinco responsables y funcionarios de la Diputación de Valladolid en relación a la construcción del complejo.","Calle 9, 47113",41.5322913,-5.0387246,"https://www.google.com/maps/@41.5322913,-5.0387246,3a,75y,278.28h,96.12t/data=!3m6!1e1!3m4!1swmu4UtC40KpUeTTPbvdwQQ!2e0!7i13312!8i6656",,,,,,,"<i>Ruinas Modernas. Una topografía de lucro<i>, de Julia Schulz-Dornburg"
,Andalucía,Sevilla,Guillena,true,4104901,Complejo Residencial Lomas de Guillena,41049,Privada,Residencial,Sin uso,"Distintas inmobiliarias, como <a href=""https://www.alisedainmobiliaria.com/comprar-vivienda/sevilla/guillena/SRB0000488082"" target=""_blank"">Aliseda</a> o <a href=""https://inmobiliariaseviquinto.com/estate_property/urb-las-lomas-de-guillena/"" target=""_blank"">Serviquinto</a> ofrecen chalets en la zona. Según su información, se trata de una promoción ""detenida"", compuesta por 66 viviendas unifamiliares, con una ejecutación de obra del 23%. Las imágenes de Google Maps, de abril de 2022, muestran que continúan abandonadas.","Calle Concepción Soto 147, 41219",37.5829346,-6.1110443,"https://www.google.com/maps/@37.5829346,-6.1110443,3a,75y,273.46h,99.62t/data=!3m6!1e1!3m4!1s2cTV426O36KRYK2_a-Gc_Q!2e0!7i16384!8i8192",,,,,,,Cadáveres inmobiliarios
destacado,Castilla y León,Soria,Garray,true,4209401,Cúpulas de la Energía,42094,Privada,Otros,Uso parcial,"Las Cúpulas de la Energía se encuentran en la Ciudad del Medio Ambiente, proyectada por la Junta de Castilla y León en 2033 en Garray, a cinco kilómetros de Soria. Del macroproyecto solo se puso en marcha el parque empresarial, que sigue funcionando. La alcaldesa del municipio, María José Jiménez, espera que la Junta cumpla con la promesa de destinar 14 millones de euros a acabar las cúpulas.","Pasaje los Negredos, 42162",41.8138059,-2.4827347,"https://www.google.es/maps/@41.8138059,-2.4827347,3a,75y,296.26h,114.46t/data=!3m8!1e1!3m6!1sAF1QipPoaNxeFmsUoh5-J23TXpr7oGMJtkBlafkHMMno!2e10!3e11!6shttps:%2F%2Flh5.googleusercontent.com%2Fp%2FAF1QipPoaNxeFmsUoh5-J23TXpr7oGMJtkBlafkHMMno%3Dw203-h100-k-no-pi-0-ya141.81041-ro-0-fo100!7i4608!8i2304?hl=es",https://rtve.es/contenidos/fotos/datos/2023/hormigon/soria_1.jpg,E. P. (RTVE),,,,,En Portada (RTVE)
destacado,Castilla y León,Soria,Garray,false,4209401,Cúpulas de la Energía,42094,Publica,Otros,Uso parcial,"Las Cúpulas de la Energía se encuentran en la Ciudad del Medio Ambiente, proyectada por la Junta de Castilla y León en 2033 en Garray, a cinco kilómetros de Soria. Del macroproyecto solo se puso en marcha el parque empresarial, que sigue funcionando. La alcaldesa del municipio, María José Jiménez, espera que la Junta cumpla con la promesa de destinar 14 millones de euros a acabar las cúpulas.","Pasaje los Negredos, 42162",41.8138059,-2.4827347,"https://www.google.es/maps/@41.8138059,-2.4827347,3a,75y,296.26h,114.46t/data=!3m8!1e1!3m6!1sAF1QipPoaNxeFmsUoh5-J23TXpr7oGMJtkBlafkHMMno!2e10!3e11!6shttps:%2F%2Flh5.googleusercontent.com%2Fp%2FAF1QipPoaNxeFmsUoh5-J23TXpr7oGMJtkBlafkHMMno%3Dw203-h100-k-no-pi-0-ya141.81041-ro-0-fo100!7i4608!8i2304?hl=es",https://rtve.es/contenidos/fotos/datos/2023/hormigon/soria_1.jpg,E. P. (RTVE),,,,,En Portada (RTVE)
,Comunidad Valenciana,Alicante,Alicante,true,301401,Edificio abandonado en Alicante,03014,Privada,Residencial,Sin uso,"Localizado gracias a la base de datos en <a href=""https://github.com/cadaveresinmob"" target=""_blank"">GitHub</a> de la antigua web Cadáveres inmobiliarios, a Adrián Porto y a Esther Ribes. Según la información aportada, se trata de una estructura de hormigón abandonada desde hace casi 20 años que iba a ser destinada a casas pero que, por la crisis económica y por la construcción del colegio contiguo a la parcela, se abandonó su construcción. Desde el colegio informan que los constructores invadieron parte de su suelo y que el ayuntamiento lo denunció. Por el momento, nadie quiere hacerse cargo de su demolición. Las imágenes de Google Maps, de agosto de 2022, muestran que aún está sin acabar.","Calle Víctor de la Serna 33, 03006",38.3489901,-0.5158793,"https://www.google.com/maps/@38.3489901,-0.5158793,3a,75y,318.07h,99.64t/data=!3m7!1e1!3m5!1sHYsCx70X_lsAAm1Z5JPAyQ!2e0!6shttps:%2F%2Fstreetviewpixels-pa.googleapis.com%2Fv1%2Fthumbnail%3Fpanoid%3DHYsCx70X_lsAAm1Z5JPAyQ%26cb_client%3Dmaps_sv.tactile.gps%26w%3D203%26h%3D100%26yaw%3D208.33992%26pitch%3D0%26thumbfov%3D100!7i16384!8i8192",https://rtve.es/contenidos/fotos/datos/2023/hormigon/alicante_1.jpg,E. R.,https://rtve.es/contenidos/fotos/datos/2023/hormigon/alicante_12.jpg,E. R.,https://rtve.es/contenidos/fotos/datos/2023/hormigon/alicante_13.jpg,E. R.,Cadáveres inmobiliarios/Adrián Porto/Esther Ribes
,País Vasco,Araba,Labastida,true,2522702,Edificio en Labastida,01028,Privada,Residencial,Sin uso,"El edificio se encuentra en un solar destinado a la edificación de ocho viviendas unifamiliares adosadas. Fuentes del Ayuntamiento cuentan que el abandono se debe a una mala gestión por parte del promotor, y que en una parcela cercana, ahora también vacía, se iba a proyectar otro bloque. En distintos portales web el edificio aparece a la venta. Las imágenes de Google Maps, de agosto de 2013, ya revelaban el abandono del edificio y desde el consistorio comentan que su estado sigue igual.","Calle de la Horca, 01330",42.5902943,-2.8003244,"https://www.google.es/maps/@42.5902943,-2.8003244,3a,60y,118.23h,89.19t/data=!3m6!1e1!3m4!1sLtAfCQz4vQJdKT_X_MiPyg!2e0!7i13312!8i6656",,,,,,,DatosRTVE
,Cantabria,Cantabria,Torrelavega,true,3908701,Edificio residencial en Torrelavega,39087,Privada,Residencial,Sin uso,"Según informa gente de la zona, se trata de un edificio de viviendas que se empezó a construir entre los años 80 y 90, y muchas personas lo han conocido siempre así. David Laguillo, en <a href=""https://www.estorrelavega.com/edificios-fantasma-torrelavega/"" target=""_blank""><i>EsTorrelavega.com</i></a>, apunta a que la paralización en su construcción se debe a que el desarrollo del Plan Parcial Mies de Vega quedó en el aire.","Calle Carlos Pondal 24, 39300",43.3498992,-4.0583125,"https://www.google.com/maps/@43.3498992,-4.0583125,3a,75y,4.46h,111.65t/data=!3m6!1e1!3m4!1s1aoxHyHh3xUHA1O8sZkViA!2e0!7i16384!8i8192",,,,,,,
,Galicia,A Coruña,O Porto de Espasante (Ortigueira),true,1506101,Edificio residencial O Porto de Espasantes,15061,Privada,Residencial,Sin uso,Cerca de la zona figura un cartel de venta donde se informa de que la obra es de 2010.,"Calle de la Iglesia de San Juan 49, 15339",43.719186955856436,-7.805884923864598,"https://www.google.com/maps/@43.7191055,-7.8058441,3a,75y,31.18h,105.27t/data=!3m7!1e1!3m5!1suQt3bVfvtwQus3vbpmNxwA!2e0!6shttps:%2F%2Fstreetviewpixels-pa.googleapis.com%2Fv1%2Fthumbnail%3Fpanoid%3DuQt3bVfvtwQus3vbpmNxwA%26cb_client%3Dmaps_sv.tactile.gps%26w%3D203%26h%3D100%26yaw%3D187.4333%26pitch%3D0%26thumbfov%3D100!7i13312!8i6656?hl=es",https://rtve.es/contenidos/fotos/datos/2023/hormigon/espasante_1.jpg,A. B.,https://rtve.es/contenidos/fotos/datos/2023/hormigon/espasante_12.jpg,A. B.,https://rtve.es/contenidos/fotos/datos/2023/hormigon/espasante_13.jpg,A. B.,Águeda B.
,Comunidad de Madrid,Comunidad de Madrid,Pozuelo de Alarcón,true,2811501,Edificio residencial Pozuelo de Alarcón,28115,Privada,Residencial,Sin uso,,"Calle Vitoria 25, 28223",40.4070575,-3.7802787,"https://www.google.com/maps/@40.4070575,-3.7802787,3a,75y,38.85h,91.79t/data=!3m6!1e1!3m4!1saV3V6buKjFqSr3A856PnOA!2e0!7i16384!8i8192?hl=es",https://rtve.es/contenidos/fotos/datos/2023/hormigon/pozuelo_1.jpg,A. B.,https://rtve.es/contenidos/fotos/datos/2023/hormigon/pozuelo_12.jpg,A. B.,https://rtve.es/contenidos/fotos/datos/2023/hormigon/pozuelo_13.jpg,A. B.,Águeda B.
,Canarias,Santa Cruz de Tenerife,La Matanza de Acentejo,true,3802501,El Esqueleto,38025,Privada,Residencial turístico/hotelero,Sin uso,"El mamotreto de Acentejo, también conocido como El Esqueleto, está formado por las enormes estructuras de dos hoteles inacabados de los años 70 del siglo XX. En 2019, el PSOE presentó un nuevo Plan de Costa Acentejo para demoler el mamotreto, según informa <a href=""https://www.eldia.es/tenerife/2019/05/26/nuevo-plan-costa-acentejo-propondra-22629017.html"" target=""_blank""><i>El Día</i></a>. Las imágenes de Google Maps, de octubre de 2021, muestran que sigue tal y como está. También Tomáš Souček ha ofrecido una imagen más reciente y afirma que la estructura se mantiene.","Costa de Acentejo, Carretera El Caletón, 38379",28.459616,-16.463495,"https://www.google.com/maps/@28.459616,-16.463495,3a,53.3y,77.65h,90.59t/data=!3m8!1e1!3m6!1sAF1QipOM9je1OL6BYVvs7ku7AjN1pTnY5tXlCfTb_wp1!2e10!3e11!6shttps:%2F%2Flh5.googleusercontent.com%2Fp%2FAF1QipOM9je1OL6BYVvs7ku7AjN1pTnY5tXlCfTb_wp1%3Dw203-h100-k-no-pi-0-ya159.61748-ro-0-fo100!7i12000!8i6000?hl=es",https://rtve.es/contenidos/fotos/datos/2023/hormigon/acentejo_1.jpg,T. S. (Foursquare),,,,,Bárbara L.
,Cataluña,Tarragona,L'Aldea,true,4390401,El Mirador del Ebro,43904,Privada,Residencial,Sin uso,"El proyecto El Mirador del Ebro pretendía crear un gran residencial, tanto turístico como de carácter permanente, además de dar espacio a otros complejos como hotelero, comercial, deportivo y de ocio. El estado actual, según se recoge en <i>Ruinas Modernas. Una topografía de lucro</i>, de Julia Schulz-Dornburg y en las imágenes de Google Maps hasta agosto de 2015, es que las obras de urbanización están en diferentes grados de acabado. El <a href=""https://www.diaridetarragona.com/tarragona/los-ayuntamientos-salen-al-rescate-de-los-edificios-zombie-de-la-burbuja-20190321-0014-DRDT201903210014"" target=""_blank""><i>Diari de Tarragona</i></a> informa de que el ayuntamiento del municipio estaba dispuesto a ayudar a dar salida al proyecto.",,40.7297765,0.584417,"https://www.google.com/maps/@40.7297765,0.584417,3a,75y,210.25h,89t/data=!3m7!1e1!3m5!1sPuC1VlQS0pvxrYXuHx-wkQ!2e0!6shttps:%2F%2Fstreetviewpixels-pa.googleapis.com%2Fv1%2Fthumbnail%3Fpanoid%3DPuC1VlQS0pvxrYXuHx-wkQ%26cb_client%3Dmaps_sv.tactile.gps%26w%3D203%26h%3D100%26yaw%3D208.03659%26pitch%3D0%26thumbfov%3D100!7i13312!8i6656",,,,,,,"<i>Ruinas Modernas. Una topografía de lucro<i>, de Julia Schulz-Dornburg"
,Cataluña,Tarragona,L'Aldea,false,4390401,El Mirador del Ebro,43904,Privada,Residencial turístico/hotelero,Sin uso,"El proyecto El Mirador del Ebro pretendía crear un gran residencial, tanto turístico como de carácter permanente, además de dar espacio a otros complejos como hotelero, comercial, deportivo y de ocio. El estado actual, según se recoge en <i>Ruinas Modernas. Una topografía de lucro</i>, de Julia Schulz-Dornburg y en las imágenes de Google Maps hasta agosto de 2015, es que las obras de urbanización están en diferentes grados de acabado. El <a href=""https://www.diaridetarragona.com/tarragona/los-ayuntamientos-salen-al-rescate-de-los-edificios-zombie-de-la-burbuja-20190321-0014-DRDT201903210014"" target=""_blank""><i>Diari de Tarragona</i></a> informa de que el ayuntamiento del municipio estaba dispuesto a ayudar a dar salida al proyecto.",,40.7297765,0.584417,"https://www.google.com/maps/@40.7297765,0.584417,3a,75y,210.25h,89t/data=!3m7!1e1!3m5!1sPuC1VlQS0pvxrYXuHx-wkQ!2e0!6shttps:%2F%2Fstreetviewpixels-pa.googleapis.com%2Fv1%2Fthumbnail%3Fpanoid%3DPuC1VlQS0pvxrYXuHx-wkQ%26cb_client%3Dmaps_sv.tactile.gps%26w%3D203%26h%3D100%26yaw%3D208.03659%26pitch%3D0%26thumbfov%3D100!7i13312!8i6656",,,,,,,"<i>Ruinas Modernas. Una topografía de lucro<i>, de Julia Schulz-Dornburg"
,Cataluña,Tarragona,L'Aldea,false,4390401,El Mirador del Ebro,43904,Privada,Residencial turístico/hotelero,Sin uso,"El proyecto El Mirador del Ebro pretendía crear un gran residencial, tanto turístico como de carácter permanente, además de dar espacio a otros complejos como hotelero, comercial, deportivo y de ocio. El estado actual, según se recoge en <i>Ruinas Modernas. Una topografía de lucro</i>, de Julia Schulz-Dornburg y en las imágenes de Google Maps hasta agosto de 2015, es que las obras de urbanización están en diferentes grados de acabado. El <a href=""https://www.diaridetarragona.com/tarragona/los-ayuntamientos-salen-al-rescate-de-los-edificios-zombie-de-la-burbuja-20190321-0014-DRDT201903210014"" target=""_blank""><i>Diari de Tarragona</i></a> informa de que el ayuntamiento del municipio estaba dispuesto a ayudar a dar salida al proyecto.",,40.7297765,0.584417,"https://www.google.com/maps/@40.7297765,0.584417,3a,75y,210.25h,89t/data=!3m7!1e1!3m5!1sPuC1VlQS0pvxrYXuHx-wkQ!2e0!6shttps:%2F%2Fstreetviewpixels-pa.googleapis.com%2Fv1%2Fthumbnail%3Fpanoid%3DPuC1VlQS0pvxrYXuHx-wkQ%26cb_client%3Dmaps_sv.tactile.gps%26w%3D203%26h%3D100%26yaw%3D208.03659%26pitch%3D0%26thumbfov%3D100!7i13312!8i6656",,,,,,,"<i>Ruinas Modernas. Una topografía de lucro<i>, de Julia Schulz-Dornburg"
,Cataluña,Tarragona,L'Aldea,false,4390401,El Mirador del Ebro,43904,Privada,Deportivo,Sin uso,"El proyecto El Mirador del Ebro pretendía crear un gran residencial, tanto turístico como de carácter permanente, además de dar espacio a otros complejos como hotelero, comercial, deportivo y de ocio. El estado actual, según se recoge en <i>Ruinas Modernas. Una topografía de lucro</i>, de Julia Schulz-Dornburg y en las imágenes de Google Maps hasta agosto de 2015, es que las obras de urbanización están en diferentes grados de acabado. El <a href=""https://www.diaridetarragona.com/tarragona/los-ayuntamientos-salen-al-rescate-de-los-edificios-zombie-de-la-burbuja-20190321-0014-DRDT201903210014"" target=""_blank""><i>Diari de Tarragona</i></a> informa de que el ayuntamiento del municipio estaba dispuesto a ayudar a dar salida al proyecto.",,40.7297765,0.584417,"https://www.google.com/maps/@40.7297765,0.584417,3a,75y,210.25h,89t/data=!3m7!1e1!3m5!1sPuC1VlQS0pvxrYXuHx-wkQ!2e0!6shttps:%2F%2Fstreetviewpixels-pa.googleapis.com%2Fv1%2Fthumbnail%3Fpanoid%3DPuC1VlQS0pvxrYXuHx-wkQ%26cb_client%3Dmaps_sv.tactile.gps%26w%3D203%26h%3D100%26yaw%3D208.03659%26pitch%3D0%26thumbfov%3D100!7i13312!8i6656",,,,,,,"<i>Ruinas Modernas. Una topografía de lucro<i>, de Julia Schulz-Dornburg"
,Cataluña,Tarragona,L'Aldea,false,4390401,El Mirador del Ebro,43904,Privada,Comercial/ocio,Sin uso,"El proyecto El Mirador del Ebro pretendía crear un gran residencial, tanto turístico como de carácter permanente, además de dar espacio a otros complejos como hotelero, comercial, deportivo y de ocio. El estado actual, según se recoge en <i>Ruinas Modernas. Una topografía de lucro</i>, de Julia Schulz-Dornburg y en las imágenes de Google Maps hasta agosto de 2015, es que las obras de urbanización están en diferentes grados de acabado. El <a href=""https://www.diaridetarragona.com/tarragona/los-ayuntamientos-salen-al-rescate-de-los-edificios-zombie-de-la-burbuja-20190321-0014-DRDT201903210014"" target=""_blank""><i>Diari de Tarragona</i></a> informa de que el ayuntamiento del municipio estaba dispuesto a ayudar a dar salida al proyecto.",,40.7297765,0.584417,"https://www.google.com/maps/@40.7297765,0.584417,3a,75y,210.25h,89t/data=!3m7!1e1!3m5!1sPuC1VlQS0pvxrYXuHx-wkQ!2e0!6shttps:%2F%2Fstreetviewpixels-pa.googleapis.com%2Fv1%2Fthumbnail%3Fpanoid%3DPuC1VlQS0pvxrYXuHx-wkQ%26cb_client%3Dmaps_sv.tactile.gps%26w%3D203%26h%3D100%26yaw%3D208.03659%26pitch%3D0%26thumbfov%3D100!7i13312!8i6656",,,,,,,"<i>Ruinas Modernas. Una topografía de lucro<i>, de Julia Schulz-Dornburg"
,Castilla-La Mancha,Ciudad Real,Ciudad Real,true,1303401,El Reino de Don Quijote,13034,Publica,Comercial/ocio,Uso parcial,"Localizado gracias a <i>Ruinas Modernas. Una topografía de lucro</i>, de Julia Schulz-Dornburg, y a la base de datos en <a href=""https://github.com/cadaveresinmob"" target=""_blank"">GitHub</a> de la antigua web Cadáveres inmobiliarios. El macroproyecto El Reino de Don Quijote fue declarado de Interés municipal por el Ayuntamiento de Ciudad Real y Regional por la Junta de Castilla-La Mancha. Entre los promotores estaba la antigua Caja Castilla-La Mancha, pero también Iberdrola o Avantis. De todo el proyecto se construyó un campo de golf y un lago. <a href=""https://www.latribunadeciudadreal.es/Noticia/Z7ABEC050-01F7-C929-F64BBDEA782EE880/202211/El-Reino-de-Don-Quijote-desde-La-Atalaya"" target=""_blank""><i>La Tribuna de Ciudad Real</i></a> informaba en 2022 que los terrenos ya han sido adquiridos por el Ayuntamiento para ampliación del parque La Atalaya, pero que tendrán que decidir qué se hace con las partes ya urbanizadas.","Carretera Toledo, 13005",39.0508631,-3.916068,"https://www.google.com/maps/place/Lago+El+Reino+del+Quijote/@39.051048,-3.9122764,3a,75y,90t/data=!3m8!1e2!3m6!1sAF1QipMwmezuvI3mkV85329NIZ7Tc7z0hlIdd2_k_CMa!2e10!3e12!6shttps:%2F%2Flh5.googleusercontent.com%2Fp%2FAF1QipMwmezuvI3mkV85329NIZ7Tc7z0hlIdd2_k_CMa%3Dw86-h114-k-no!7i3936!8i5248!4m12!1m5!3m4!2zMznCsDAyJzQ1LjkiTiAzwrA1NScwMi4wIlc!8m2!3d39.0460833!4d-3.9172222!3m5!1s0xd6bc50f889b893d:0xd5f35363133d960f!8m2!3d39.0508631!4d-3.9116906!16s%2Fg%2F11fp3s1hnh",,,,,,,"<i>Ruinas Modernas. Una topografía de lucro<i>, de Julia Schulz-Dornburg"
,Castilla-La Mancha,Ciudad Real,Ciudad Real,false,1303401,El Reino de Don Quijote,13034,Publica,Deportivo,Uso parcial,"Localizado gracias a <i>Ruinas Modernas. Una topografía de lucro</i>, de Julia Schulz-Dornburg, y a la base de datos en <a href=""https://github.com/cadaveresinmob"" target=""_blank"">GitHub</a> de la antigua web Cadáveres inmobiliarios. El macroproyecto El Reino de Don Quijote fue declarado de Interés municipal por el Ayuntamiento de Ciudad Real y Regional por la Junta de Castilla-La Mancha. Entre los promotores estaba la antigua Caja Castilla-La Mancha, pero también Iberdrola o Avantis. De todo el proyecto se construyó un campo de golf y un lago. <a href=""https://www.latribunadeciudadreal.es/Noticia/Z7ABEC050-01F7-C929-F64BBDEA782EE880/202211/El-Reino-de-Don-Quijote-desde-La-Atalaya"" target=""_blank""><i>La Tribuna de Ciudad Real</i></a> informaba en 2022 que los terrenos ya han sido adquiridos por el Ayuntamiento para ampliación del parque La Atalaya, pero que tendrán que decidir qué se hace con las partes ya urbanizadas.","Carretera Toledo, 13005",39.0508631,-3.916068,"https://www.google.com/maps/place/Lago+El+Reino+del+Quijote/@39.051048,-3.9122764,3a,75y,90t/data=!3m8!1e2!3m6!1sAF1QipMwmezuvI3mkV85329NIZ7Tc7z0hlIdd2_k_CMa!2e10!3e12!6shttps:%2F%2Flh5.googleusercontent.com%2Fp%2FAF1QipMwmezuvI3mkV85329NIZ7Tc7z0hlIdd2_k_CMa%3Dw86-h114-k-no!7i3936!8i5248!4m12!1m5!3m4!2zMznCsDAyJzQ1LjkiTiAzwrA1NScwMi4wIlc!8m2!3d39.0460833!4d-3.9172222!3m5!1s0xd6bc50f889b893d:0xd5f35363133d960f!8m2!3d39.0508631!4d-3.9116906!16s%2Fg%2F11fp3s1hnh",,,,,,,"<i>Ruinas Modernas. Una topografía de lucro<i>, de Julia Schulz-Dornburg"
,Castilla-La Mancha,Ciudad Real,Ciudad Real,false,1303401,El Reino de Don Quijote,13034,Publica,Residencial,Uso parcial,"Localizado gracias a <i>Ruinas Modernas. Una topografía de lucro</i>, de Julia Schulz-Dornburg, y a la base de datos en <a href=""https://github.com/cadaveresinmob"" target=""_blank"">GitHub</a> de la antigua web Cadáveres inmobiliarios. El macroproyecto El Reino de Don Quijote fue declarado de Interés municipal por el Ayuntamiento de Ciudad Real y Regional por la Junta de Castilla-La Mancha. Entre los promotores estaba la antigua Caja Castilla-La Mancha, pero también Iberdrola o Avantis. De todo el proyecto se construyó un campo de golf y un lago. <a href=""https://www.latribunadeciudadreal.es/Noticia/Z7ABEC050-01F7-C929-F64BBDEA782EE880/202211/El-Reino-de-Don-Quijote-desde-La-Atalaya"" target=""_blank""><i>La Tribuna de Ciudad Real</i></a> informaba en 2022 que los terrenos ya han sido adquiridos por el Ayuntamiento para ampliación del parque La Atalaya, pero que tendrán que decidir qué se hace con las partes ya urbanizadas.","Carretera Toledo, 13005",39.0508631,-3.916068,"https://www.google.com/maps/place/Lago+El+Reino+del+Quijote/@39.051048,-3.9122764,3a,75y,90t/data=!3m8!1e2!3m6!1sAF1QipMwmezuvI3mkV85329NIZ7Tc7z0hlIdd2_k_CMa!2e10!3e12!6shttps:%2F%2Flh5.googleusercontent.com%2Fp%2FAF1QipMwmezuvI3mkV85329NIZ7Tc7z0hlIdd2_k_CMa%3Dw86-h114-k-no!7i3936!8i5248!4m12!1m5!3m4!2zMznCsDAyJzQ1LjkiTiAzwrA1NScwMi4wIlc!8m2!3d39.0460833!4d-3.9172222!3m5!1s0xd6bc50f889b893d:0xd5f35363133d960f!8m2!3d39.0508631!4d-3.9116906!16s%2Fg%2F11fp3s1hnh",,,,,,,"<i>Ruinas Modernas. Una topografía de lucro<i>, de Julia Schulz-Dornburg"
,Castilla-La Mancha,Ciudad Real,Ciudad Real,false,1303401,El Reino de Don Quijote,13034,Publica,Residencial turístico/hotelero,Uso parcial,"Localizado gracias a <i>Ruinas Modernas. Una topografía de lucro</i>, de Julia Schulz-Dornburg, y a la base de datos en <a href=""https://github.com/cadaveresinmob"" target=""_blank"">GitHub</a> de la antigua web Cadáveres inmobiliarios. El macroproyecto El Reino de Don Quijote fue declarado de Interés municipal por el Ayuntamiento de Ciudad Real y Regional por la Junta de Castilla-La Mancha. Entre los promotores estaba la antigua Caja Castilla-La Mancha, pero también Iberdrola o Avantis. De todo el proyecto se construyó un campo de golf y un lago. <a href=""https://www.latribunadeciudadreal.es/Noticia/Z7ABEC050-01F7-C929-F64BBDEA782EE880/202211/El-Reino-de-Don-Quijote-desde-La-Atalaya"" target=""_blank""><i>La Tribuna de Ciudad Real</i></a> informaba en 2022 que los terrenos ya han sido adquiridos por el Ayuntamiento para ampliación del parque La Atalaya, pero que tendrán que decidir qué se hace con las partes ya urbanizadas.","Carretera Toledo, 13005",39.0508631,-3.916068,"https://www.google.com/maps/place/Lago+El+Reino+del+Quijote/@39.051048,-3.9122764,3a,75y,90t/data=!3m8!1e2!3m6!1sAF1QipMwmezuvI3mkV85329NIZ7Tc7z0hlIdd2_k_CMa!2e10!3e12!6shttps:%2F%2Flh5.googleusercontent.com%2Fp%2FAF1QipMwmezuvI3mkV85329NIZ7Tc7z0hlIdd2_k_CMa%3Dw86-h114-k-no!7i3936!8i5248!4m12!1m5!3m4!2zMznCsDAyJzQ1LjkiTiAzwrA1NScwMi4wIlc!8m2!3d39.0460833!4d-3.9172222!3m5!1s0xd6bc50f889b893d:0xd5f35363133d960f!8m2!3d39.0508631!4d-3.9116906!16s%2Fg%2F11fp3s1hnh",,,,,,,"<i>Ruinas Modernas. Una topografía de lucro<i>, de Julia Schulz-Dornburg"
,Castilla-La Mancha,Ciudad Real,Ciudad Real,false,1303401,El Reino de Don Quijote,13034,Privada,Comercial/ocio,Uso parcial,"Localizado gracias a <i>Ruinas Modernas. Una topografía de lucro</i>, de Julia Schulz-Dornburg, y a la base de datos en <a href=""https://github.com/cadaveresinmob"" target=""_blank"">GitHub</a> de la antigua web Cadáveres inmobiliarios. El macroproyecto El Reino de Don Quijote fue declarado de Interés municipal por el Ayuntamiento de Ciudad Real y Regional por la Junta de Castilla-La Mancha. Entre los promotores estaba la antigua Caja Castilla-La Mancha, pero también Iberdrola o Avantis. De todo el proyecto se construyó un campo de golf y un lago. <a href=""https://www.latribunadeciudadreal.es/Noticia/Z7ABEC050-01F7-C929-F64BBDEA782EE880/202211/El-Reino-de-Don-Quijote-desde-La-Atalaya"" target=""_blank""><i>La Tribuna de Ciudad Real</i></a> informaba en 2022 que los terrenos ya han sido adquiridos por el Ayuntamiento para ampliación del parque La Atalaya, pero que tendrán que decidir qué se hace con las partes ya urbanizadas.","Carretera Toledo, 13005",39.0508631,-3.916068,"https://www.google.com/maps/place/Lago+El+Reino+del+Quijote/@39.051048,-3.9122764,3a,75y,90t/data=!3m8!1e2!3m6!1sAF1QipMwmezuvI3mkV85329NIZ7Tc7z0hlIdd2_k_CMa!2e10!3e12!6shttps:%2F%2Flh5.googleusercontent.com%2Fp%2FAF1QipMwmezuvI3mkV85329NIZ7Tc7z0hlIdd2_k_CMa%3Dw86-h114-k-no!7i3936!8i5248!4m12!1m5!3m4!2zMznCsDAyJzQ1LjkiTiAzwrA1NScwMi4wIlc!8m2!3d39.0460833!4d-3.9172222!3m5!1s0xd6bc50f889b893d:0xd5f35363133d960f!8m2!3d39.0508631!4d-3.9116906!16s%2Fg%2F11fp3s1hnh",,,,,,,"<i>Ruinas Modernas. Una topografía de lucro<i>, de Julia Schulz-Dornburg"
,Castilla-La Mancha,Ciudad Real,Ciudad Real,false,1303401,El Reino de Don Quijote,13034,Privada,Deportivo,Uso parcial,"Localizado gracias a <i>Ruinas Modernas. Una topografía de lucro</i>, de Julia Schulz-Dornburg, y a la base de datos en <a href=""https://github.com/cadaveresinmob"" target=""_blank"">GitHub</a> de la antigua web Cadáveres inmobiliarios. El macroproyecto El Reino de Don Quijote fue declarado de Interés municipal por el Ayuntamiento de Ciudad Real y Regional por la Junta de Castilla-La Mancha. Entre los promotores estaba la antigua Caja Castilla-La Mancha, pero también Iberdrola o Avantis. De todo el proyecto se construyó un campo de golf y un lago. <a href=""https://www.latribunadeciudadreal.es/Noticia/Z7ABEC050-01F7-C929-F64BBDEA782EE880/202211/El-Reino-de-Don-Quijote-desde-La-Atalaya"" target=""_blank""><i>La Tribuna de Ciudad Real</i></a> informaba en 2022 que los terrenos ya han sido adquiridos por el Ayuntamiento para ampliación del parque La Atalaya, pero que tendrán que decidir qué se hace con las partes ya urbanizadas.","Carretera Toledo, 13005",39.0508631,-3.916068,"https://www.google.com/maps/place/Lago+El+Reino+del+Quijote/@39.051048,-3.9122764,3a,75y,90t/data=!3m8!1e2!3m6!1sAF1QipMwmezuvI3mkV85329NIZ7Tc7z0hlIdd2_k_CMa!2e10!3e12!6shttps:%2F%2Flh5.googleusercontent.com%2Fp%2FAF1QipMwmezuvI3mkV85329NIZ7Tc7z0hlIdd2_k_CMa%3Dw86-h114-k-no!7i3936!8i5248!4m12!1m5!3m4!2zMznCsDAyJzQ1LjkiTiAzwrA1NScwMi4wIlc!8m2!3d39.0460833!4d-3.9172222!3m5!1s0xd6bc50f889b893d:0xd5f35363133d960f!8m2!3d39.0508631!4d-3.9116906!16s%2Fg%2F11fp3s1hnh",,,,,,,"<i>Ruinas Modernas. Una topografía de lucro<i>, de Julia Schulz-Dornburg"
,Castilla-La Mancha,Ciudad Real,Ciudad Real,false,1303401,El Reino de Don Quijote,13034,Privada,Residencial,Uso parcial,"Localizado gracias a <i>Ruinas Modernas. Una topografía de lucro</i>, de Julia Schulz-Dornburg, y a la base de datos en <a href=""https://github.com/cadaveresinmob"" target=""_blank"">GitHub</a> de la antigua web Cadáveres inmobiliarios. El macroproyecto El Reino de Don Quijote fue declarado de Interés municipal por el Ayuntamiento de Ciudad Real y Regional por la Junta de Castilla-La Mancha. Entre los promotores estaba la antigua Caja Castilla-La Mancha, pero también Iberdrola o Avantis. De todo el proyecto se construyó un campo de golf y un lago. <a href=""https://www.latribunadeciudadreal.es/Noticia/Z7ABEC050-01F7-C929-F64BBDEA782EE880/202211/El-Reino-de-Don-Quijote-desde-La-Atalaya"" target=""_blank""><i>La Tribuna de Ciudad Real</i></a> informaba en 2022 que los terrenos ya han sido adquiridos por el Ayuntamiento para ampliación del parque La Atalaya, pero que tendrán que decidir qué se hace con las partes ya urbanizadas.","Carretera Toledo, 13005",39.0508631,-3.916068,"https://www.google.com/maps/place/Lago+El+Reino+del+Quijote/@39.051048,-3.9122764,3a,75y,90t/data=!3m8!1e2!3m6!1sAF1QipMwmezuvI3mkV85329NIZ7Tc7z0hlIdd2_k_CMa!2e10!3e12!6shttps:%2F%2Flh5.googleusercontent.com%2Fp%2FAF1QipMwmezuvI3mkV85329NIZ7Tc7z0hlIdd2_k_CMa%3Dw86-h114-k-no!7i3936!8i5248!4m12!1m5!3m4!2zMznCsDAyJzQ1LjkiTiAzwrA1NScwMi4wIlc!8m2!3d39.0460833!4d-3.9172222!3m5!1s0xd6bc50f889b893d:0xd5f35363133d960f!8m2!3d39.0508631!4d-3.9116906!16s%2Fg%2F11fp3s1hnh",,,,,,,"<i>Ruinas Modernas. Una topografía de lucro<i>, de Julia Schulz-Dornburg"
,Castilla-La Mancha,Ciudad Real,Ciudad Real,false,1303401,El Reino de Don Quijote,13034,Privada,Residencial turístico/hotelero,Uso parcial,"Localizado gracias a <i>Ruinas Modernas. Una topografía de lucro</i>, de Julia Schulz-Dornburg, y a la base de datos en <a href=""https://github.com/cadaveresinmob"" target=""_blank"">GitHub</a> de la antigua web Cadáveres inmobiliarios. El macroproyecto El Reino de Don Quijote fue declarado de Interés municipal por el Ayuntamiento de Ciudad Real y Regional por la Junta de Castilla-La Mancha. Entre los promotores estaba la antigua Caja Castilla-La Mancha, pero también Iberdrola o Avantis. De todo el proyecto se construyó un campo de golf y un lago. <a href=""https://www.latribunadeciudadreal.es/Noticia/Z7ABEC050-01F7-C929-F64BBDEA782EE880/202211/El-Reino-de-Don-Quijote-desde-La-Atalaya"" target=""_blank""><i>La Tribuna de Ciudad Real</i></a> informaba en 2022 que los terrenos ya han sido adquiridos por el Ayuntamiento para ampliación del parque La Atalaya, pero que tendrán que decidir qué se hace con las partes ya urbanizadas.","Carretera Toledo, 13005",39.0508631,-3.916068,"https://www.google.com/maps/place/Lago+El+Reino+del+Quijote/@39.051048,-3.9122764,3a,75y,90t/data=!3m8!1e2!3m6!1sAF1QipMwmezuvI3mkV85329NIZ7Tc7z0hlIdd2_k_CMa!2e10!3e12!6shttps:%2F%2Flh5.googleusercontent.com%2Fp%2FAF1QipMwmezuvI3mkV85329NIZ7Tc7z0hlIdd2_k_CMa%3Dw86-h114-k-no!7i3936!8i5248!4m12!1m5!3m4!2zMznCsDAyJzQ1LjkiTiAzwrA1NScwMi4wIlc!8m2!3d39.0460833!4d-3.9172222!3m5!1s0xd6bc50f889b893d:0xd5f35363133d960f!8m2!3d39.0508631!4d-3.9116906!16s%2Fg%2F11fp3s1hnh",,,,,,,"<i>Ruinas Modernas. Una topografía de lucro<i>, de Julia Schulz-Dornburg"
,Región de Murcia,Región de Murcia,Lamparillas (Fortuna),true,3002001,Fortuna Hill Nature and Residential Golf Resort,30020,Privada,Residencial,Sin uso,"El proyecto Fortuna Hill Nature and Residential Golf Resort se paralizó en 2010 cuando la promotora Gestimur S.L entró en concurso de acreedores. Según se recoge en <i>Ruinas Modernas. Una topografía de lucro</i>, de Julia Schulz-Dornburg y en las imágenes de Google Maps hasta octubre de 2012, se ven los cimientos de algunas de las viviendas a medio construir.","Partida Amparillas 3, 30628",38.1493106,-1.110425,"https://www.google.com/maps/@38.1493106,-1.110425,3a,60y,56.46h,91.83t/data=!3m7!1e1!3m5!1sz7wjmkXeG8J6gp2NQ_piWw!2e0!6shttps:%2F%2Fstreetviewpixels-pa.googleapis.com%2Fv1%2Fthumbnail%3Fpanoid%3Dz7wjmkXeG8J6gp2NQ_piWw%26cb_client%3Dmaps_sv.tactile.gps%26w%3D203%26h%3D100%26yaw%3D172.44353%26pitch%3D0%26thumbfov%3D100!7i13312!8i6656",,,,,,,"<i>Ruinas Modernas. Una topografía de lucro<i>, de Julia Schulz-Dornburg"
destacado,Andalucía,Almería,Carboneras,true,0403201,Hotel Algarrobico,04032,Privada,Residencial turístico/hotelero,Sin uso,"El hotel Algarrobico está a la espera de una demolición que no llega. En 2011, el Boletín Oficial del Estado (BOE) <a href=""https://www.boe.es/boe/dias/2011/12/06/pdfs/BOE-A-2011-19199.pdf"" target=""_blank"">publicó cómo debía ser la operación</a>: el derribo estaría en manos del Ministerio de Transición Ecológica, mientras que la Junta de Andalucía se ocuparía de la restauración del espacio natural.","Carretera N-341 en dirección a Mojácar, 04149",37.0271039,-1.8791189,"https://www.google.com/maps/@37.0271039,-1.8791189,3a,75y,299.94h,108.46t/data=!3m8!1e1!3m6!1sAF1QipN779arLrbUhMWaDAPXjIAO3TVtbt6Z9qbTBDLh!2e10!3e11!6shttps:%2F%2Flh5.googleusercontent.com%2Fp%2FAF1QipN779arLrbUhMWaDAPXjIAO3TVtbt6Z9qbTBDLh%3Dw203-h100-k-no-pi-0-ya227.53668-ro0-fo100!7i8192!8i4096",https://rtve.es/contenidos/fotos/datos/2023/hormigon/algarrobico_1.jpg,E. P. (RTVE),,,,,En Portada (RTVE)
,Andalucía,Huelva,Matalascañas (Almonte),true,2100501,Hotel de 4 estrellas en Matalascañas,21005,Privada,Residencial turístico/hotelero,Sin uso,"Localizado gracias a la base de datos en <a href=""https://github.com/cadaveresinmob"" target=""_blank"">GitHub</a> de la antigua web Cadáveres inmobiliarios. La información, de @entre0trasc0sas, afirma que este futuro hotel de cuatro estrellas proyectado en 2006 se encuentra en un limbo burocrático entre quiebras y renuncias del proyecto. Las imágenes de Google Maps, de mayo de 2018, revelan que el edificio se encuentra aún abandonado.","Sector G Segunda Fase 23, 21760",36.9886191,-6.5323118,"https://www.google.com/maps/@36.9886191,-6.5323118,3a,75y,38.43h,92.39t/data=!3m6!1e1!3m4!1s0bsjQmY4C5ManF30Kuk9DQ!2e0!7i13312!8i6656",,,,,,,Cadáveres inmobiliarios/@entre0trasc0sas
,Islas Canarias,Las Palmas,La Oliva,true,3501401,La Oliva Casas & Golf,35014,Privada,Residencial,Uso parcial,"Localizado gracias a <i>Ruinas Modernas. Una topografía de lucro</i>, de Julia Schulz-Dornburg, y a la base de datos en <a href=""https://github.com/cadaveresinmob"" target=""_blank"">GitHub</a> de la antigua web Cadáveres inmobiliarios. Las imágenes de satélite de Google Maps, de octubre de 2022, muestran que buena parte de las casas proyectadas en la urbanización La Oliva Casas & Golf están acabadas, aunque no todas. El <a href=""https://www.diariodefuerteventura.com/noticia/atalaya-dorada-territorio-okupa-y-urbanizaci%C3%B3n-%E2%80%9Csin-ley%E2%80%9D"" target=""_blank""><i>Diario de Fuerteventura</i></a> afirmaba en un artículo en 2021 que la zona ""se encuentra abandonada, sin servicios y tomada por la okupación ilegal"".","Calle Sau 916, 35640",28.6857006,-13.8724935,"https://www.google.com/maps/@28.6857006,-13.8724935,3a,75y,102.08h,90t/data=!3m6!1e1!3m4!1slFRj9shmirzaOd-Mp8vxPQ!2e0!7i16384!8i8192",,,,,,,"<i>Ruinas Modernas. Una topografía de lucro<i>, de Julia Schulz-Dornburg"
,Islas Canarias,Las Palmas,La Oliva,false,3501401,La Oliva Casas & Golf,35014,Privada,Deportivo,Uso parcial,"Localizado gracias a <i>Ruinas Modernas. Una topografía de lucro</i>, de Julia Schulz-Dornburg, y a la base de datos en <a href=""https://github.com/cadaveresinmob"" target=""_blank"">GitHub</a> de la antigua web Cadáveres inmobiliarios. Las imágenes de satélite de Google Maps, de octubre de 2022, muestran que buena parte de las casas proyectadas en la urbanización La Oliva Casas & Golf están acabadas, aunque no todas. El <a href=""https://www.diariodefuerteventura.com/noticia/atalaya-dorada-territorio-okupa-y-urbanizaci%C3%B3n-%E2%80%9Csin-ley%E2%80%9D"" target=""_blank""><i>Diario de Fuerteventura</i></a> afirmaba en un artículo en 2021 que la zona ""se encuentra abandonada, sin servicios y tomada por la okupación ilegal"".","Calle Sau 916, 35640",28.6857006,-13.8724935,"https://www.google.com/maps/@28.6857006,-13.8724935,3a,75y,102.08h,90t/data=!3m6!1e1!3m4!1slFRj9shmirzaOd-Mp8vxPQ!2e0!7i16384!8i8192",,,,,,,"<i>Ruinas Modernas. Una topografía de lucro<i>, de Julia Schulz-Dornburg"
,Aragón,Zaragoza,San Mateo de Gállego,true,5023501,Las Dehesas de San Mateo de Gállego,50235,Privada,Residencial,Sin uso,"Según se recoge en <i>Ruinas Modernas. Una topografía de lucro</i>, de Julia Schulz-Dornburg, la urbanización con campo de Golf Las Dehesas de San Mateo de Gállego inició sus andanzas en 2002. En 2008 Fadesa, que entró en el proyecto en 2007, entró en concurso de acreedores. Las imágenes en Google Maps, de septiembre de 2022, muestran que muchas de las viviendas siguen a medio construir. En 2017, <a href=""https://www.elperiodicodearagon.com/aragon/2017/02/04/consistorio-busca-recuperar-urbanizacion-fantasma-46962633.html"" target=""_blank""><i>El Periódico de Aragón</i></a> se hacía eco de que el Ayuntamiento de San Mateo de Gállego se había propuesto, en coordinación con el Gobierno de Aragón, recuperar la urbanización.","A-1106, 50840",41.8153575,-0.7489758,"https://www.google.com/maps/@41.8153575,-0.7489758,3a,75y,36.53h,97.2t/data=!3m6!1e1!3m4!1snLz_qtsvSxGN__3Pxgafng!2e0!7i16384!8i8192",,,,,,,"<i>Ruinas Modernas. Una topografía de lucro<i>, de Julia Schulz-Dornburg"
,Aragón,Zaragoza,San Mateo de Gállego,false,5023501,Las Dehesas de San Mateo de Gállego,50235,Privada,Deportivo,Sin uso,"Según se recoge en <i>Ruinas Modernas. Una topografía de lucro</i>, de Julia Schulz-Dornburg, la urbanización con campo de Golf Las Dehesas de San Mateo de Gállego inició sus andanzas en 2002. En 2008 Fadesa, que entró en el proyecto en 2007, entró en concurso de acreedores. Las imágenes en Google Maps, de septiembre de 2022, muestran que muchas de las viviendas siguen a medio construir. En 2017, <a href=""https://www.elperiodicodearagon.com/aragon/2017/02/04/consistorio-busca-recuperar-urbanizacion-fantasma-46962633.html"" target=""_blank""><i>El Periódico de Aragón</i></a> se hacía eco de que el Ayuntamiento de San Mateo de Gállego se había propuesto, en coordinación con el Gobierno de Aragón, recuperar la urbanización.","A-1106, 50840",41.8153575,-0.7489758,"https://www.google.com/maps/@41.8153575,-0.7489758,3a,75y,36.53h,97.2t/data=!3m6!1e1!3m4!1snLz_qtsvSxGN__3Pxgafng!2e0!7i16384!8i8192",,,,,,,"<i>Ruinas Modernas. Una topografía de lucro<i>, de Julia Schulz-Dornburg"
,Castilla-La Mancha,Albacete,Hellín,true,0203701,Las Higuericas Fincas Parcs,02037,Privada,Residencial,Sin uso,"Localizado gracias a <i>Ruinas Modernas. Una topografía de lucro</i>, de Julia Schulz-Dornburg, y a la base de datos en <a href=""https://github.com/cadaveresinmob"" target=""_blank"">GitHub</a> de la antigua web Cadáveres inmobiliarios. Las imágenes de satélite de Google Maps, de marzo de 2010, muestran que el proyecto Las Higuericas Fincas Parcs estaba abandonada. <a href=""https://www.laverdad.es/murcia/fiscal-reclama-diez-20171106004346-ntvo.html"" target=""_blank""><i>La Verdad</i></a> informa de que en 2017 el fiscal del caso reclamó diez años para el promotor de Cleyton Ges S.L por un supuesto fraude fiscal de cinco millones de euros.","Carretera A-15, 02499",38.3816232,-1.6431427,"https://www.google.com/maps/@38.3816232,-1.6431427,3a,75y,332.49h,90.66t/data=!3m7!1e1!3m5!1seDSg19iVO1fQ-rogVA0Qow!2e0!6shttps:%2F%2Fstreetviewpixels-pa.googleapis.com%2Fv1%2Fthumbnail%3Fpanoid%3DeDSg19iVO1fQ-rogVA0Qow%26cb_client%3Dmaps_sv.tactile.gps%26w%3D203%26h%3D100%26yaw%3D59.95808%26pitch%3D0%26thumbfov%3D100!7i13312!8i6656",,,,,,,"<i>Ruinas Modernas. Una topografía de lucro<i>, de Julia Schulz-Dornburg"
,Región de Murcia,Región de Murcia,Aledo,true,3000601,Monte Aledo Resort,30006,Privada,Residencial,Sin uso,"Localizado gracias a <i>Ruinas Modernas. Una topografía de lucro</i>, de Julia Schulz-Dornburg, y a la base de datos en <a href=""https://github.com/cadaveresinmob"" target=""_blank"">GitHub</a> de la antigua web Cadáveres inmobiliarios. <a href=""https://www.laverdad.es/murcia/20100507/local/comarcas/gobierno-regional-descarta-recurrir-201005071425.html"" target=""_blank""><i>La Verdad</i></a> informaba en 2010 que la construcción de la urbanización Monte Aledo Resort se paralizó al aceptar el recurso de una empresa constructora que denunció al Ayuntamiento y al Gobierno regional por un presunto trato discriminatorio en la adjudicación. Las imágenes en Google Maps no permiten acercarse más a la zona en la que estaba planificado el proyecto.",30859,37.7825714,-1.5959742,"https://www.google.com/maps/@37.7825714,-1.5959742,3a,64.1y,83.48h,84.46t/data=!3m8!1e1!3m6!1sAF1QipML_c1URtrb0sMRN7fQ79QSYsu-eiokmAKQEhe8!2e10!3e11!6shttps:%2F%2Flh5.googleusercontent.com%2Fp%2FAF1QipML_c1URtrb0sMRN7fQ79QSYsu-eiokmAKQEhe8%3Dw203-h100-k-no-pi-0-ya345.62253-ro-0-fo100!7i9728!8i4058",,,,,,,"<i>Ruinas Modernas. Una topografía de lucro<i>, de Julia Schulz-Dornburg"
,Región de Murcia,Región de Murcia,Aledo,false,3000601,Monte Aledo Resort,30006,Privada,Comercial/ocio,Sin uso,"Localizado gracias a <i>Ruinas Modernas. Una topografía de lucro</i>, de Julia Schulz-Dornburg, y a la base de datos en <a href=""https://github.com/cadaveresinmob"" target=""_blank"">GitHub</a> de la antigua web Cadáveres inmobiliarios. <a href=""https://www.laverdad.es/murcia/20100507/local/comarcas/gobierno-regional-descarta-recurrir-201005071425.html"" target=""_blank""><i>La Verdad</i></a> informaba en 2010 que la construcción de la urbanización Monte Aledo Resort se paralizó al aceptar el recurso de una empresa constructora que denunció al Ayuntamiento y al Gobierno regional por un presunto trato discriminatorio en la adjudicación. Las imágenes en Google Maps no permiten acercarse más a la zona en la que estaba planificado el proyecto.",30859,37.7825714,-1.5959742,"https://www.google.com/maps/@37.7825714,-1.5959742,3a,64.1y,83.48h,84.46t/data=!3m8!1e1!3m6!1sAF1QipML_c1URtrb0sMRN7fQ79QSYsu-eiokmAKQEhe8!2e10!3e11!6shttps:%2F%2Flh5.googleusercontent.com%2Fp%2FAF1QipML_c1URtrb0sMRN7fQ79QSYsu-eiokmAKQEhe8%3Dw203-h100-k-no-pi-0-ya345.62253-ro-0-fo100!7i9728!8i4058",,,,,,,"<i>Ruinas Modernas. Una topografía de lucro<i>, de Julia Schulz-Dornburg"
,Galicia,Lugo,Lugo,true,2702801,O Garañón,27028,Privada,Residencial,Sin uso,"Conocido como O Garañón, tiene orden de demolición desde diciembre de 2022. La empresa viguesa Xestión Ambiental de Contratas tiene un mes de plazo para presentar el proyecto de demolición y cuatro para echar abajo el edificio, si no hay alegaciones. Según informa <a href=""https://www.lavozdegalicia.es/noticia/lugo/lugo/2023/03/09/garanon-lugo-banco-argumentos/00031678381265268694635.htm"" target=""_blank""><i>La Voz de Galicia</i></a>, la demolición no será antes de finales de mayo.","Plaza de Avilés s/n, 27002",43.004440,-7.561869,"https://www.google.com/maps/@43.0043167,-7.5613337,3a,75y,98.33h,93.55t/data=!3m6!1e1!3m4!1s-gSWtFQ1-r7kd2gqCgNNSA!2e0!7i13312!8i6656?hl=es",https://rtve.es/contenidos/fotos/datos/2023/hormigon/lugo_1.jpg,E. T. (EFE),https://rtve.es/contenidos/fotos/datos/2023/hormigon/lugo_12.jpg,E. T. (EFE),,,Alejandro L.
,Castilla y León,Segovia,Villacastín,true,4022501,Polígono industrial Valdeherrera de Villacastín,40225,Publica,Otros,Uso parcial,"Localizado gracias a la base de datos en <a href=""https://github.com/cadaveresinmob"" target=""_blank"">GitHub</a> de la antigua web Cadáveres inmobiliarios y a José Pérez Cepa. Fue inaugurado en 2018 e impulsado por parte de la Junta de Castilla y León, según <a href=""https://www.eladelantado.com/provincia-de-segovia/villacastin-inaugura-poligono-valdeherrera/"" target=""_blank"">El Adelantado de Segovia</a> pero, en 2020, el 88% del espacio seguía vacío, como recogía <a href=""https://www.eldiasegovia.es/Noticia/z81434e23-fa68-bbbc-009ff7273afa8b9c/202010/El-88-del-Poligono-de-Villacastin-sigue-vacio-tras-dos-anos"" target=""_blank""><i>El Día de Segovia</i></a>. Las imágenes de Google Maps muestran su estado hasta abril de 2022 y una vecina de la zona confirma que hay mucho terreno vacío, sin construir.","Nacional N-VI, Polígono industrial Villacastín, 40150",40.7826822,-4.4214698,"https://www.google.com/maps/@40.7826822,-4.4214698,3a,75y,255.45h,84.63t/data=!3m6!1e1!3m4!1sLivnVLXJ8lfo7V6J34Xblg!2e0!7i16384!8i8192",https://rtve.es/contenidos/fotos/datos/2023/hormigon/villacastin_1.jpg,J. H.,https://rtve.es/contenidos/fotos/datos/2023/hormigon/villacastin_12.jpg,J. H.,https://rtve.es/contenidos/fotos/datos/2023/hormigon/villacastin_13.jpg,J. H.,Cadáveres inmobiliarios/Jorge Pérez Cepa
,Castilla y León,Segovia,Villacastín,false,4022501,Polígono industrial Valdeherrera de Villacastín,40225,Privada,Otros,Uso parcial,"Localizado gracias a la base de datos en <a href=""https://github.com/cadaveresinmob"" target=""_blank"">GitHub</a> de la antigua web Cadáveres inmobiliarios y a José Pérez Cepa. Fue inaugurado en 2018 e impulsado por parte de la Junta de Castilla y León, según <a href=""https://www.eladelantado.com/provincia-de-segovia/villacastin-inaugura-poligono-valdeherrera/"" target=""_blank"">El Adelantado de Segovia</a> pero, en 2020, el 88% del espacio seguía vacío, como recogía <a href=""https://www.eldiasegovia.es/Noticia/z81434e23-fa68-bbbc-009ff7273afa8b9c/202010/El-88-del-Poligono-de-Villacastin-sigue-vacio-tras-dos-anos"" target=""_blank"">El Día de Segovia</a>. Las imágenes de Google Maps muestran su estado hasta abril de 2022 y una vecina de la zona confirma que hay mucho terreno vacío, sin construir.","Nacional N-VI, Polígono industrial Villacastín, 40150",40.7826822,-4.4214698,"https://www.google.com/maps/@40.7826822,-4.4214698,3a,75y,255.45h,84.63t/data=!3m6!1e1!3m4!1sLivnVLXJ8lfo7V6J34Xblg!2e0!7i16384!8i8192",https://rtve.es/contenidos/fotos/datos/2023/hormigon/villacastin_1.jpg,J. H.,https://rtve.es/contenidos/fotos/datos/2023/hormigon/villacastin_12.jpg,J. H.,https://rtve.es/contenidos/fotos/datos/2023/hormigon/villacastin_13.jpg,J. H.,Cadáveres inmobiliarios/Jorge Pérez Cepa
,Castilla y León,Salamanca,Alba de Tormes,true,3700801,Residencial Alba Marina,37008,Privada,Residencial,Sin uso,"El Residencial Alba Marina prometía una urbanización con club náutico, pistas de pádel y piscina cubierta junto al río Tormes. El estado actual, según se recoge en <i>Ruinas Modernas. Una topografía de lucro</i>, de Julia Schulz-Dornburg y en las imágenes de Google Maps hasta mayo de 2011, es que existe una carretera que llevaría hasta el complejo, pero no se ha construido nada más. Incluso aparece el cartel promocional del proyecto. La imagen satelital de <a href=""https://apps.sentinel-hub.com/sentinel-playground/?source=S2L2A&lat=40.8528459&lng=-5.488666599999988&zoom=15&preset=1_TRUE_COLOR&layers=B01,B02,B03&maxcc=88.70500000000001&gain=1.0&gamma=1.0&time=2022-09-01%7C2023-03-12&atmFilter=&showDates=false"" target=""_blank"">Sentinel</a> del 12 de marzo de 2023 confirma que no hay nada construido.","Camino agrícola s/n, 37800",40.8528459,-5.4886666,"https://www.google.com/maps/@40.8528459,-5.4886666,3a,75y,268.59h,80.26t/data=!3m6!1e1!3m4!1ssF4KPc4uumi_98ssKwQNeQ!2e0!7i13312!8i6656",,,,,,,"<i>Ruinas Modernas. Una topografía de lucro<i>, de Julia Schulz-Dornburg"
,Castilla y León,Salamanca,Alba de Tormes,false,3700801,Residencial Alba Marina,37008,Privada,Deportivo,Sin uso,"El Residencial Alba Marina prometía una urbanización con club náutico, pistas de pádel y piscina cubierta junto al río Tormes. El estado actual, según se recoge en <i>Ruinas Modernas. Una topografía de lucro</i>, de Julia Schulz-Dornburg y en las imágenes de Google Maps hasta mayo de 2011, es que existe una carretera que llevaría hasta el complejo, pero no se ha construido nada más. Incluso aparece el cartel promocional del proyecto. La imagen satelital de <a href=""https://apps.sentinel-hub.com/sentinel-playground/?source=S2L2A&lat=40.8528459&lng=-5.488666599999988&zoom=15&preset=1_TRUE_COLOR&layers=B01,B02,B03&maxcc=88.70500000000001&gain=1.0&gamma=1.0&time=2022-09-01%7C2023-03-12&atmFilter=&showDates=false"" target=""_blank"">Sentinel</a> del 12 de marzo de 2023 confirma que no hay nada construido.","Camino agrícola s/n, 37800",40.8528459,-5.4886666,"https://www.google.com/maps/@40.8528459,-5.4886666,3a,75y,268.59h,80.26t/data=!3m6!1e1!3m4!1ssF4KPc4uumi_98ssKwQNeQ!2e0!7i13312!8i6656",,,,,,,"<i>Ruinas Modernas. Una topografía de lucro<i>, de Julia Schulz-Dornburg"
,Galicia,Pontevedra,Lalín,true,3602401,Residencial del plan de A Viuda,36024,Privada,Residencial,Sin uso,"Según informa <a href=""https://www.farodevigo.es/deza-tabeiros-montes/2022/11/12/venden-645-000-euros-edificio-78452592.html"" target=""_blank""><i>Faro de Vigo</i></a>, el inmueble ha sido adquirido recientemente y la inmobiliaria <a href=""https://www.portalnow.com/es/venta-piso/lalin-municipio"" target=""_blank"">portalnow.com los pone en venta</a>. La extinta empresa Eprovisa preveía la construcción de 300 viviendas en estos terrenos, pero con la crisis de 2008 las obras en este edificio pararon. Vecinos de la zona comentan que el inmueble lleva parado entre 10 y 15 años.","Calle Álvaro Cunqueiro 11, 36500",42.666941,-8.1064958,"https://www.google.com/maps/@42.666941,-8.1064958,3a,75y,39.73h,92.71t/data=!3m6!1e1!3m4!1snM3qhbCjDYT6NB6rN1ZfJw!2e0!7i13312!8i6656",https://rtve.es/contenidos/fotos/datos/2023/hormigon/lalin_1.jpg,Anónimo,https://rtve.es/contenidos/fotos/datos/2023/hormigon/lalin_12.jpg,Anónimo,https://rtve.es/contenidos/fotos/datos/2023/hormigon/lalin_13.jpg,Anónimo,DatosRTVE
,Castilla-La Mancha,Guadalajara,Horche,true,1914301,Residencial Puerta de Horche,19143,Privada,Residencial,Uso parcial,"Según se recoge en <i>Ruinas Modernas. Una topografía de lucro</i>, de Julia Schulz-Dornburg, el Residencial Puerta de Horche pretendía añadir al municipio más de 3.000 nuevos habitantes. Las imágenes en Google Maps, que no van más allá de noviembre de 2009, muestran tan solo la construcción de un pequeño grupo de casas mientras el resto de la extensión aparece abandonada. En la <a href=""http://www.igesplan.com/index.php?option=com_content&view=article&id=159:horche-s18&catid=37:p-urbanismo&Itemid=113"" target=""_blank"">web de Igesplan</a> se muestra el plan del proyecto. Las imágenes enviadas por Nuria Pedrero de Plantas Manzano y las <h ref=""https://apps.sentinel-hub.com/sentinel-playground/?source=S2L2A&lat=40.572413973431836&lng=-3.0778455708059482&zoom=15&preset=1_TRUE_COLOR&layers=B01,B02,B03&maxcc=59.275&gain=1.0&gamma=1.0&time=2022-09-01%7C2023-03-04&atmFilter=&showDates=false"" target=""_blank"">satelitales de Sentinel</a>, de marzo de 2023, confirman que todo sigue como en 2007.","Calle Francisco Vives Camino 28, 19140",40.5747943,-3.0791998,"https://www.google.com/maps/@40.5747464,-3.0791052,3a,75y,36.81h,80.77t/data=!3m6!1e1!3m4!1sbLzQVPUpx8sO1BZ667Yy-A!2e0!7i13312!8i6656",https://rtve.es/contenidos/fotos/datos/2023/hormigon/horche_1.jpg,N. P.,https://rtve.es/contenidos/fotos/datos/2023/hormigon/horche_12.jpg,N. P.,,,"<i>Ruinas Modernas. Una topografía de lucro<i>, de Julia Schulz-Dornburg"
,Castilla-La Mancha,Guadalajara,Horche,false,1914301,Residencial Puerta de Horche,19143,Privada,Comercial/ocio,Uso parcial,"Según se recoge en <i>Ruinas Modernas. Una topografía de lucro</i>, de Julia Schulz-Dornburg, el Residencial Puerta de Horche pretendía añadir al municipio más de 3.000 nuevos habitantes. Las imágenes en Google Maps, que no van más allá de noviembre de 2009, muestran tan solo la construcción de un pequeño grupo de casas mientras el resto de la extensión aparece abandonada. En la <a href=""http://www.igesplan.com/index.php?option=com_content&view=article&id=159:horche-s18&catid=37:p-urbanismo&Itemid=113"" target=""_blank"">web de Igesplan</a> se muestra el plan del proyecto. Las imágenes enviadas por Nuria Pedrero de Plantas Manzano y las <h ref=""https://apps.sentinel-hub.com/sentinel-playground/?source=S2L2A&lat=40.572413973431836&lng=-3.0778455708059482&zoom=15&preset=1_TRUE_COLOR&layers=B01,B02,B03&maxcc=59.275&gain=1.0&gamma=1.0&time=2022-09-01%7C2023-03-04&atmFilter=&showDates=false"" target=""_blank"">satelitales de Sentinel</a>, de marzo de 2023, confirman que todo sigue como en 2007.","Calle Francisco Vives Camino 28, 19140",40.5747943,-3.0791998,"https://www.google.com/maps/@40.5747464,-3.0791052,3a,75y,36.81h,80.77t/data=!3m6!1e1!3m4!1sbLzQVPUpx8sO1BZ667Yy-A!2e0!7i13312!8i6656",https://rtve.es/contenidos/fotos/datos/2023/hormigon/horche_1.jpg,N. P.,https://rtve.es/contenidos/fotos/datos/2023/hormigon/horche_12.jpg,N. P.,,,"<i>Ruinas Modernas. Una topografía de lucro<i>, de Julia Schulz-Dornburg"
,Castilla-La Mancha,Cuenca,Cuenca,true,1607801,Sede CEOE Cepyme,16078,Privada,Otros,Sin uso,"Será la futura sede de CEOE Cepyme Cuenca, pero el proyecto lleva parado más de diez años, según explicaba el <a href=""https://ayuntamiento.cuenca.es/noticia/el-pleno-aprueba-la-cesion-de-la-propiedad-de-la-parcela-para-finalizar-el-edificio-de-ceoe-cepyme-cuenca"" target=""_blank"">propio Ayuntamiento de Cuenca</a>. El presidente de CEOE CEPYME en Cuenca, David Peña, asegura que finalizar el edificio les costará ""700.000 euros"", según lo recogido por <a href=""https://www.vocesdecuenca.com/cuenca/ceoe-cepyme-no-entiende-la-demanda-de-ccoo-en-relacion-a-su-nueva-sede-nadie-nos-regala-nada/"" target=""_blank""><i>Voces de Cuenca</i></a>. El sindicato CCOO ha interpuesto una demanda a la cesión por parte del Ayuntamiento de Cuenca del 50% del esqueleto del edificio que hay proyectado en la Ronda Oeste.","Carretera Ronda Oeste, 16004",40.0555117,-2.1305344,"https://www.google.com/maps/@40.0555117,-2.1305344,3a,75y,5.22h,102.5t/data=!3m6!1e1!3m4!1ssQ9U1NfLwYcvYgK8A5240g!2e0!7i16384!8i8192",https://rtve.es/contenidos/fotos/datos/2023/hormigon/cuenca_1.jpg,M. P.,https://rtve.es/contenidos/fotos/datos/2023/hormigon/cuenca_12.jpg,M. P.,,,Manuel P.
,Región de Murcia,Región de Murcia,Campos del Río,true,3001401,Trampolin Hills Golf Resort,30014,Privada,Residencial,Sin uso,"Varias fases del proyecto Trampolin Hills Golf Resort se desarrollaron sin contar con el suelo urbanizable. En 2009, la promotora Trampolín Hills entró en concurso de acreedores y su promotor fue inhabilitado durante siete años en 2019, según explican en <a href=""https://www.laopiniondemurcia.es/municipios/2019/06/29/inhabilitan-promotor-trampolin-hills-durante-34012976.html"" target=""_blank""><i>La Opinión de Murcia</i></a>. En las imágenes de Google Maps de octubre de 2008 se pueden ver aún las banderas distintivas de la promotora.",,38.0264006,-1.3397744,"https://www.google.com/maps/@38.0264006,-1.3397744,3a,75y,178.11h,89.86t/data=!3m6!1e1!3m4!1sphbDAglvAlKYlpxGjEA92g!2e0!7i13312!8i6656",,,,,,,"<i>Ruinas Modernas. Una topografía de lucro<i>, de Julia Schulz-Dornburg"
,Región de Murcia,Región de Murcia,Campos del Río,false,3001401,Trampolin Hills Golf Resort,30014,Privada,Residencial turístico/hotelero,Sin uso,"Varias fases del proyecto Trampolin Hills Golf Resort se desarrollaron sin contar con el suelo urbanizable. En 2009, la promotora Trampolín Hills entró en concurso de acreedores y su promotor fue inhabilitado durante siete años en 2019, según explican en <a href=""https://www.laopiniondemurcia.es/municipios/2019/06/29/inhabilitan-promotor-trampolin-hills-durante-34012976.html"" target=""_blank""><i>La Opinión de Murcia</i></a>. En las imágenes de Google Maps de octubre de 2008 se pueden ver aún las banderas distintivas de la promotora.",,38.0264006,-1.3397744,"https://www.google.com/maps/@38.0264006,-1.3397744,3a,75y,178.11h,89.86t/data=!3m6!1e1!3m4!1sphbDAglvAlKYlpxGjEA92g!2e0!7i13312!8i6656",,,,,,,"<i>Ruinas Modernas. Una topografía de lucro<i>, de Julia Schulz-Dornburg"
,Región de Murcia,Región de Murcia,Campos del Río,false,3001401,Trampolin Hills Golf Resort,30014,Privada,Comercial/ocio,Sin uso,"Varias fases del proyecto Trampolin Hills Golf Resort se desarrollaron sin contar con el suelo urbanizable. En 2009, la promotora Trampolín Hills entró en concurso de acreedores y su promotor fue inhabilitado durante siete años en 2019, según explican en <a href=""https://www.laopiniondemurcia.es/municipios/2019/06/29/inhabilitan-promotor-trampolin-hills-durante-34012976.html"" target=""_blank""><i>La Opinión de Murcia</i></a>. En las imágenes de Google Maps de octubre de 2008 se pueden ver aún las banderas distintivas de la promotora.",,38.0264006,-1.3397744,"https://www.google.com/maps/@38.0264006,-1.3397744,3a,75y,178.11h,89.86t/data=!3m6!1e1!3m4!1sphbDAglvAlKYlpxGjEA92g!2e0!7i13312!8i6656",,,,,,,"<i>Ruinas Modernas. Una topografía de lucro<i>, de Julia Schulz-Dornburg"
destacado,Castilla y León,Burgos,Buniel,true,0905801,Urbanización Ciudad Jardín Soto del Real,09058,Privada,Residencial,Sin uso,"La Urbanización Ciudad Jardín Soto del Real, proyectada por la promotora Martinsa-Fadesa, lleva congelada desde hace casi 20 años. En 2008, la empresa entró en concurso de acreedores y supuso el fin del sueño de muchos en Buniel. Para el ayuntamiento, los restos del plan se han convertido en un problema que incluye vandalismo y saqueos. Su alcalde, Jesús Díez Monzón, teme que ocurra algún accidente en la zona.","Autovía A-62, 09230",42.3138877,-3.8190581,"https://www.google.com/maps/@42.3138877,-3.8190581,3a,75y,91.28h,87.56t/data=!3m6!1e1!3m4!1saJtOo4SK91t-MNckqC5vyA!2e0!7i13312!8i6656",https://rtve.es/contenidos/fotos/datos/2023/hormigon/buniel_1.jpg,E. P. (RTVE),,,,,En Portada (RTVE)
,Galicia,A Coruña,Miño,true,1504801,Urbanización Costa Miño Golf,15048,Privada,Residencial,Uso parcial,"Localizado gracias a <i>Ruinas Modernas. Una topografía de lucro</i>, de Julia Schulz-Dornburg, y a la base de datos en <a href=""https://github.com/cadaveresinmob"" target=""_blank"">GitHub</a> de la antigua web Cadáveres inmobiliarios. Las imágenes de satélite de Google Maps, de agosto de 2013, muestran que algunas de las casas proyectadas de la Urbanización Costa Miño Golf están sin acabar. <a href=""https://www.elidealgallego.com/texto-diario/mostrar/2617099/adjudican-mino-cinco-parcelas-macrourbanizacion-costa-golf"" target=""_blank""><i>El Ideal Gallego</i></a> informaba en 2021 que algunas de las parcelas pasaban a ser propiedad del Ayuntamiento tras años con la titularidad de Fadesa, la constructora y promotora que entró en concurso de acreedores en 2008.","Rúa da Nogueira, 15608",43.3715179,-8.1992948,"https://www.google.com/maps/@43.3715179,-8.1992948,3a,75y,61.04h,89.72t/data=!3m6!1e1!3m4!1sQM5-AJpwa0gmoqD0WG06kg!2e0!7i13312!8i6656",,,,,,,"<i>Ruinas Modernas. Una topografía de lucro<i>, de Julia Schulz-Dornburg"
,Galicia,A Coruña,Miño,false,1504801,Urbanización Costa Miño Golf,15048,Privada,Deportivo,Uso parcial,"Localizado gracias a <i>Ruinas Modernas. Una topografía de lucro</i>, de Julia Schulz-Dornburg, y a la base de datos en <a href=""https://github.com/cadaveresinmob"" target=""_blank"">GitHub</a> de la antigua web Cadáveres inmobiliarios. Las imágenes de satélite de Google Maps, de agosto de 2013, muestran que algunas de las casas proyectadas de la Urbanización Costa Miño Golf están sin acabar. <a href=""https://www.elidealgallego.com/texto-diario/mostrar/2617099/adjudican-mino-cinco-parcelas-macrourbanizacion-costa-golf"" target=""_blank""><i>El Ideal Gallego</i></a> informaba en 2021 que algunas de las parcelas pasaban a ser propiedad del Ayuntamiento tras años con la titularidad de Fadesa, la constructora y promotora que entró en concurso de acreedores en 2008.","Rúa da Nogueira, 15608",43.3715179,-8.1992948,"https://www.google.com/maps/@43.3715179,-8.1992948,3a,75y,61.04h,89.72t/data=!3m6!1e1!3m4!1sQM5-AJpwa0gmoqD0WG06kg!2e0!7i13312!8i6656",,,,,,,"<i>Ruinas Modernas. Una topografía de lucro<i>, de Julia Schulz-Dornburg"
,Andalucía,Málaga,Estepona,true,2905101,Urbanización Dominion Heights,29051,Privada,Residencial,Sin uso,"Localizado gracias a <i>Ruinas Modernas. Una topografía de lucro</i>, de Julia Schulz-Dornburg, y a la base de datos en <a href=""https://github.com/cadaveresinmob"" target=""_blank"">GitHub</a> de la antigua web Cadáveres inmobiliarios. Las imágenes de satélite de Google Maps, de diciembre de 2022, muestran que la urbanización Dominion Heights sigue abandonada. Vecinos de la zona apuntan a que se quedó parada y nunca se llegó a usar.",29689,36.4521584,-5.0918455,"https://www.google.com/maps/@36.4519765,-5.0917983,3a,75y,45.42h,91.34t/data=!3m6!1e1!3m4!1shJdrZnLw1gPPaMCU1WkmCg!2e0!7i16384!8i8192",,,,,,,"<i>Ruinas Modernas. Una topografía de lucro<i>, de Julia Schulz-Dornburg"
,Castilla y León,Salamanca,Pelabravo,true,3724001,Urbanización La Ladera,37240,Privada,Residencial,Sin uso,"El proyecto de Urbanización La Ladera preveía añadir al municipio de Pelabravo casi 2.000 nuevos habitantes. El estado actual, según se recoge en <i>Ruinas Modernas. Una topografía de lucro</i>, de Julia Schulz-Dornburg y en las imágenes de Google Maps hasta noviembre de 2014, es que sigue sin edificar, con obras de urbanización y jardinería sin acabar.","Carretera de Santa Marta de Tormes a Nuevo Naharros, Pelabravo, 37181",40.9597516,-5.590414,"https://www.google.com/maps/@40.9597516,-5.590414,3a,75y,180.25h,76.13t/data=!3m6!1e1!3m4!1s4WLw04DxncjHKWZiouiaTw!2e0!7i13312!8i6656",,,,,,,"<i>Ruinas Modernas. Una topografía de lucro<i>, de Julia Schulz-Dornburg"
,Andalucía,Granada,Otura,true,1814901,Urbanización Las Alondras,18149,Privada,Residencial,Uso parcial,"El proyecto de la Urbanización Las Alondras será rehabilitado próximamente, gracias a la intervención del Ayuntamiento, que ha desbloqueado y solucionado los problemas que rodeaban al plan. Según apunta el diario <a href=""https://www.granadahoy.com/area_metropolitana/fin-problemas-urbanisticos-Alondras-Otura-decada_0_1688831887.html"" target=""_blank""><i>Granada Hoy</i></a>, el equipo de gobierno del PP que aprobó el plan fue condenado en el año 2015 a penas de multa e inhabilitación por prevaricación urbanística. He hablado con un administrativo del área de urbanismo del ayuntamiento que no me ha querido dar su nombre y me confirma que de momento está todo igual. ","Avenida Azalea 97, 18630",37.0784795,-3.6238017,"https://www.google.com/maps/@37.0784795,-3.6238017,3a,75y,151.88h,82.77t/data=!3m6!1e1!3m4!1s8ra-lYvVhiAvWN6QAccZ6w!2e0!7i16384!8i8192",,,,,,,"<i>Ruinas Modernas. Una topografía de lucro<i>, de Julia Schulz-Dornburg"
,Castilla y León,Zamora,Corrales del Vino,true,4905401,Urbanización Lomas de Valparaíso,49054,Privada,Residencial,Sin uso,"Localizado gracias a la base de datos en <a href=""https://github.com/cadaveresinmob"" target=""_blank"">GitHub</a> de la antigua web Cadáveres inmobiliarios. Algunas imágenes panorámicas de Google Maps, de abril de 2018, muestran pequeñas construcciones pero sin una ordenación clara. Desde el Ayuntamiento de Corrales del Vino confirman que ese proyecto lleva abandonado años y que se pretende impulsar una modificación en el tipo de suelo de esa zona para que pase de urbanizable a rústico.","Carretera N-630, 49706",41.2835993,-5.719595,"https://www.google.com/maps/@41.2835993,-5.719595,3a,75y,60.07h,77.99t/data=!3m6!1e1!3m4!1s7CYDBeViY12Lz7MX3BrUYw!2e0!7i13312!8i6656",,,,,,,Cadáveres inmobiliarios
,Asturias,Asturias,Bricia (Llanes),true,3303601,Urbanización sin finalizar en Bricia,33036,Privada,Residencial,Sin uso,"Localizado gracias a la base de datos en <a href=""https://github.com/cadaveresinmob"" target=""_blank"">GitHub</a> de la antigua web Cadáveres inmobiliarios y al usuario @icaroviedo. Las imágenes de Google Maps, de julio de 2018, revelan que el edificio se encuentra aún abandonado y sin construir. <a href=""https://www.lne.es/oriente/2016/02/10/actuales-titulares-finalizaran-edificios-inacabados-19632501.html"" target=""_blank""><i>La Nueva España</i></a>, en 2016, afirmaba en una noticia que los actuales titulares finalizarían los edificios inacabados del Grupo Urazca en Llanes. ""La urbanización, ubicada en Bricia y paradigma de la crisis inmobiliaria, suma siete edificios y 23 viviendas y permanece abandonada desde 2008"", comentaba el medio.","Aldea Bricia 23, 33594",43.4271406,-4.862718,"https://www.google.com/maps/@43.4271406,-4.862718,3a,75y,337.23h,90.23t/data=!3m6!1e1!3m4!1s62oBWfg4S5_WQ1es4btTWQ!2e0!7i13312!8i6656",,,,,,,Cadáveres inmobiliarios/@icaroviedo
,Cataluña,Lleida,Espuy (La Torre de Cabdella),true,2522701,Vallfosca Mountain y Golf Resort,25227,Privada,Residencial,Sin uso,"Localizado gracias a <i>Ruinas Modernas. Una topografía de lucro</i>, de Julia Schulz-Dornburg, y a la base de datos en <a href=""https://github.com/cadaveresinmob"" target=""_blank"">GitHub</a> de la antigua web Cadáveres inmobiliarios. La localización en Google Maps es posible gracias la fotografía de un usuario. Del proyecto Vallfosca Mountain y Golf Resort quedan algunas estructuras en pie, así que como las cosas a medio construir. El portal <a href=""https://www.lugaresdenieve.com/?q=es/reportaje/historia-del-proyecto-fallido-vallfosca-interllacs-esqui-resort"" target=""_blank""><i>Lugares de Nieve</i></a> hizo en 2018 un extenso reportaje mostrando cómo iba a ser este ""referente del sur de Europa"".","Carrer de les escomes, 25515",42.4531956,0.9882088,"https://www.google.com/maps/@42.4531956,0.9882088,3a,75y,342.13h,89.57t/data=!3m8!1e1!3m6!1sAF1QipPB2Mw0BjDQNyHA2thp7tvhyEIzeFGB9cz06N_O!2e10!3e11!6shttps:%2F%2Flh5.googleusercontent.com%2Fp%2FAF1QipPB2Mw0BjDQNyHA2thp7tvhyEIzeFGB9cz06N_O%3Dw203-h100-k-no-pi0-ya270.8012-ro-0-fo100!7i12288!8i4056",,,,,,,"<i>Ruinas Modernas. Una topografía de lucro<i>, de Julia Schulz-Dornburg"
,Cataluña,Lleida,Espuy (La Torre de Cabdella),false,2522701,Vallfosca Mountain y Golf Resort,25227,Privada,Deportivo,Sin uso,"Localizado gracias a <i>Ruinas Modernas. Una topografía de lucro</i>, de Julia Schulz-Dornburg, y a la base de datos en <a href=""https://github.com/cadaveresinmob"" target=""_blank"">GitHub</a> de la antigua web Cadáveres inmobiliarios. La localización en Google Maps es posible gracias la fotografía de un usuario. Del proyecto Vallfosca Mountain y Golf Resort quedan algunas estructuras en pie, así que como las cosas a medio construir. El portal <a href=""https://www.lugaresdenieve.com/?q=es/reportaje/historia-del-proyecto-fallido-vallfosca-interllacs-esqui-resort"" target=""_blank""><i>Lugares de Nieve</i></a> hizo en 2018 un extenso reportaje mostrando cómo iba a ser este ""referente del sur de Europa"".","Carrer de les escomes, 25515",42.4531956,0.9882088,"https://www.google.com/maps/@42.4531956,0.9882088,3a,75y,342.13h,89.57t/data=!3m8!1e1!3m6!1sAF1QipPB2Mw0BjDQNyHA2thp7tvhyEIzeFGB9cz06N_O!2e10!3e11!6shttps:%2F%2Flh5.googleusercontent.com%2Fp%2FAF1QipPB2Mw0BjDQNyHA2thp7tvhyEIzeFGB9cz06N_O%3Dw203-h100-k-no-pi0-ya270.8012-ro-0-fo100!7i12288!8i4056",,,,,,,"<i>Ruinas Modernas. Una topografía de lucro<i>, de Julia Schulz-Dornburg"
,Cataluña,Lleida,Espuy (La Torre de Cabdella),false,2522701,Vallfosca Mountain y Golf Resort,25227,Privada,Comercial/ocio,Sin uso,"Localizado gracias a <i>Ruinas Modernas. Una topografía de lucro</i>, de Julia Schulz-Dornburg, y a la base de datos en <a href=""https://github.com/cadaveresinmob"" target=""_blank"">GitHub</a> de la antigua web Cadáveres inmobiliarios. La localización en Google Maps es posible gracias la fotografía de un usuario. Del proyecto Vallfosca Mountain y Golf Resort quedan algunas estructuras en pie, así que como las cosas a medio construir. El portal <a href=""https://www.lugaresdenieve.com/?q=es/reportaje/historia-del-proyecto-fallido-vallfosca-interllacs-esqui-resort"" target=""_blank""><i>Lugares de Nieve</i></a> hizo en 2018 un extenso reportaje mostrando cómo iba a ser este ""referente del sur de Europa"".","Carrer de les escomes, 25515",42.4531956,0.9882088,"https://www.google.com/maps/@42.4531956,0.9882088,3a,75y,342.13h,89.57t/data=!3m8!1e1!3m6!1sAF1QipPB2Mw0BjDQNyHA2thp7tvhyEIzeFGB9cz06N_O!2e10!3e11!6shttps:%2F%2Flh5.googleusercontent.com%2Fp%2FAF1QipPB2Mw0BjDQNyHA2thp7tvhyEIzeFGB9cz06N_O%3Dw203-h100-k-no-pi0-ya270.8012-ro-0-fo100!7i12288!8i4056",,,,,,,"<i>Ruinas Modernas. Una topografía de lucro<i>, de Julia Schulz-Dornburg"
,Comunidad Valencia,Castellón,Càlig,true,1203401,Edificio en Càlig,12034,Privada,Residencial,Sin uso,"Según informan desde <a href=""https://www.inmoalcor.es/recursos/ficha1.php?ID=edificio-venta-calig-calig-32ha8msova1z37024370243209AM01"" target=""_blank"">Alcor Inmobiliaria</a>, se trata de un edificio propiedad de una entidad bancaria y que se vende en su totalidad. Es una estructura para construir 24 apartamentos con 24 plazas de parking, y tiene más de 2.000 m2 distribuidos en dos alturas sobre rasante y sótano.","Calle de Tortosa 5, 12589",40.4576343,0.3536812,"https://www.google.com/maps/@40.4576343,0.3536812,3a,75y,116.23h,88.15t/data=!3m6!1e1!3m4!1ss9QNKac3rQfEl9EnK45eyQ!2e0!7i13312!8i6656",https://rtve.es/contenidos/fotos/datos/2023/hormigon/calig_1.jpg,A. I.,https://rtve.es/contenidos/fotos/datos/2023/hormigon/calig_12.jpg,A. I.,https://rtve.es/contenidos/fotos/datos/2023/hormigon/calig_13.jpg,A. I.,DatosRTVE
,Castilla y León,Valladolid,Tudela de Duero,true,4717501,Edificio de viviendas en Tudela de Duero,47175,Privada,Residencial,Sin uso,"Se trata de una promoción de viviendas unifamiliares junto a la A-601, a la altura de Herrera del Duero, localidad cuyo Ayuntamiento es gestionado por Tudela de Duero. Algunas fuentes apuntan a que nunca han estado ocupados.","Calle Senda del Castañar 18, 47161",41.5610154,-4.6663569,"https://www.google.com/maps/@41.5610154,-4.6663569,3a,90y,346.53h,79.67t/data=!3m6!1e1!3m4!1s9m2iQNIjBXYHk5O1PA3OjQ!2e0!7i16384!8i8192",https://rtve.es/contenidos/fotos/datos/2023/hormigon/tudela_1.jpg,A. M. P.,https://rtve.es/contenidos/fotos/datos/2023/hormigon/tudela_12.jpg,A. M. P.,,,DatosRTVE
,Andalucía,Cádiz,Jerez de la Frontera,true,1102001,Promoción Jardines de Caulina,11020,Privada,Residencial,Sin uso,"Según informaba <a href=""https://www.diariodejerez.es/jerez/Buscan-promotora-acabar-bloques-Rochdale-marquesa_0_1335467008.html"" target=""_blank""><i>Diario de Jerez</i></a> en 2019, la promoción Jardines de Caulina, de la promotora Rochdale, está ubicacada en el sector Mirabal de la ciudad. ""En él se han proyectado 1.931 viviendas, de las que 724 deben ser de protección oficial (VPO). La obra inacabada era la primera de las construcciones previstas en este sector"". El Ayuntamiento, en 2021, ordenó el derribo de construcciones abandonadas, según se recoge en <a href=""https://andaluciainformacion.es/sanlucar/966311/el-ayuntamiento-de-jerez-ordena-el-derribo-de-construcciones-abandonadas/"" target=""_blank""><i>Andalucía Información</i>. No obstante, las imágenes de Google Maps, de agosto de 2022, revelan que siguen aún ahí.","Calle Castillo de Medina 99, 11405",36.6938784,-6.0933561,"https://www.google.com/maps/@36.6938784,-6.0933561,3a,33.7y,61.82h,88.63t/data=!3m6!1e1!3m4!1shT-7acMQ5ZwbRMiR669GJg!2e0!7i16384!8i8192",,,,,,,Irene F.
,Cantabria,Cantabria,Vega de Pas,true,3909701,Túnel de la Engaña,39097,Publica,Infraestructuras,Sin uso,"Según se recoge en <a href=""https://www.lavanguardia.com/historiayvida/historia-contemporanea/20220425/8210413/tunel-engana-naufragio-anunciado.html"" target=""_blank""><i>La Vanguardia</i></a>, el túnel de La Engaña se perfiló en la década de 1940 como la solución para atravesar la cordillera cantábrica y así crear el tramo que uniría Santander con el Mediterráneo. Siete kilómetros separaban Cantabria de Burgos pero, poco antes de acabar con la infraestructura, se suspendió el proyecto. Destacan en <a href=""https://www.burgosconecta.es/provincia/merindades/tunel-engana-puesta-20221111104106-nt.html"" target=""_blank""><i>BURGOSconecta</i></a> que en es la región cántabra donde más esfuerzos se han hecho para poner el valor el túnel, pero el medio <a href=""https://cantabrialiberal.com/opinion/revilla-y-el-psoe-una-mochila-de-plomo-para-la-economia-de-cantabria-por-maria-jose-saenz-de-buruaga-presidenta-del-partido-popular,666058.html"" target=""_blank""><i>Cantabria liberal</i></a> informa de que el Gobierno regional decidió no impulsar la creación de un teleférico en la zona.","Barrio Yera s/n, 39685",43.115524,-3.7418861,"https://www.google.com/maps/place/T%C3%BAnel+de+la+Enga%C3%B1a/@43.115524,-3.7418861,3a,75y,90t/data=!4m6!3m5!1s0xd4ed530275b02d1:0x317b77e7eff04625!8m2!3d43.1158838!4d-3.7420759!16s%2Fm%2F0j446q6",https://rtve.es/contenidos/fotos/datos/2023/hormigon/vegapas_1.jpg,E. S.,https://rtve.es/contenidos/fotos/datos/2023/hormigon/vegapas_12.jpg,E. S.,,,Enrique S.
,Extremadura,Cáceres,Casas de Millán,true,1005601,Matadero en Casas de Millán,10056,Pública,Otros,Sin uso,"Este matadero lleva construido más de 20 años, según afirman vecinos de la zona y confirman desde el Ayuntamiento de Casa de Millán. Ha sido objeto de vandalismo y está en desuso pese a que en su momento contaba con todos los servicios para iniciar su funcionamiento. En un futuro está previsto que este espacio se ceda a alguna asociación u otra organización, pero de momento se están evaluando los costes para rehabilitar la parcela desde el departamento de Urbanismo del consistorio.","Camino Rural s/n, CC-30, 10592",39.8136681,-6.3095971,"https://www.google.com/maps/@39.8136681,-6.3095971,3a,75y,33.42h,91.16t/data=!3m6!1e1!3m4!1sgTD7JLH-CHa1nYXCl213UQ!2e0!7i16384!8i8192",https://rtve.es/contenidos/fotos/datos/2023/hormigon/casasmillan_1.jpg,R. S.,https://rtve.es/contenidos/fotos/datos/2023/hormigon/casasmillan_12.jpg,R. S.,https://rtve.es/contenidos/fotos/datos/2023/hormigon/casasmillan_13.jpg,R. S.,Raúl S.
,Extremadura,Cáceres,Casas de Millán,true,1005601,Matadero en Casas de Millán,10056,Privada,Otros,Sin uso,"Este matadero lleva construido más de 20 años, según afirman vecinos de la zona y confirman desde el Ayuntamiento de Casa de Millán. Ha sido objeto de vandalismo y está en desuso pese a que en su momento contaba con todos los servicios para iniciar su funcionamiento. En un futuro está previsto que este espacio se ceda a alguna asociación u otra organización, pero de momento se están evaluando los costes para rehabilitar la parcela desde el departamento de Urbanismo del consistorio.","Camino Rural s/n, CC-30, 10592",39.8136681,-6.3095971,"https://www.google.com/maps/@39.8136681,-6.3095971,3a,75y,33.42h,91.16t/data=!3m6!1e1!3m4!1sgTD7JLH-CHa1nYXCl213UQ!2e0!7i16384!8i8192",https://rtve.es/contenidos/fotos/datos/2023/hormigon/casasmillan_1.jpg,R. S.,https://rtve.es/contenidos/fotos/datos/2023/hormigon/casasmillan_12.jpg,R. S.,https://rtve.es/contenidos/fotos/datos/2023/hormigon/casasmillan_13.jpg,R. S.,Raúl S.
,Andalucía,Jaén,Mancha Real,true,2305801,Edificio residencial en Mancha Real,23058,Privada,Residencial,Sin uso,"En la inmobiliaria <a href=""http://inmuebles.grupoposlo.com/house/2426856-edificio-en-venta-en-mancha-real-de-3323-m2-331600eur-7270931/"" target=""_blank"">Grupo Poslo</a>","Calle Pintor Sorolla 11, 23100",37.787717,-3.6018057,"https://www.google.es/maps/@37.787717,-3.6018057,3a,75y,300.54h,87.58t/data=!3m6!1e1!3m4!1sBpkkD7IbnlH1A_AzPQ4YcA!2e0!7i13312!8i6656",https://rtve.es/contenidos/fotos/datos/2023/hormigon/manchareal_1.jpg,G. P.,https://rtve.es/contenidos/fotos/datos/2023/hormigon/manchareal_12.jpg,G. P.,https://rtve.es/contenidos/fotos/datos/2023/hormigon/manchareal_13.jpg,G. P.,DatosRTVE