fecha,indicativo,estacion,provincia,temperatura,tmax_p50,anomalia,anomalia_positiva,anomalia_negativa,tipo_dato,nombre,texto_anomalia
2023-06-01,C459Z,Puerto de la Cruz,Sta. Cruz De Tenerife,25,23.8,1.2,25,23.8,☀️ Día,Puerto de la Cruz (S.C. Tenerife),"+1,2"
2023-06-02,C459Z,Puerto de la Cruz,Sta. Cruz De Tenerife,"25,7",23.9,1.8,25.7,23.9,☀️ Día,Puerto de la Cruz (S.C. Tenerife),"+1,8"
2023-06-03,C459Z,Puerto de la Cruz,Sta. Cruz De Tenerife,"26,4",23.9,2.5,26.4,23.9,☀️ Día,Puerto de la Cruz (S.C. Tenerife),"+2,5"
2023-06-04,C459Z,Puerto de la Cruz,Sta. Cruz De Tenerife,"28,2",24,4.2,28.2,24,☀️ Día,Puerto de la Cruz (S.C. Tenerife),"+4,2"
2023-06-05,C459Z,Puerto de la Cruz,Sta. Cruz De Tenerife,"26,5",24.1,2.4,26.5,24.1,☀️ Día,Puerto de la Cruz (S.C. Tenerife),"+2,4"
2023-06-06,C459Z,Puerto de la Cruz,Sta. Cruz De Tenerife,"31,4",24.2,7.2,31.4,24.2,☀️ Día,Puerto de la Cruz (S.C. Tenerife),"+7,2"
2023-06-07,C459Z,Puerto de la Cruz,Sta. Cruz De Tenerife,"27,3",24.2,3.1,27.3,24.2,☀️ Día,Puerto de la Cruz (S.C. Tenerife),"+3,1"
2023-06-08,C459Z,Puerto de la Cruz,Sta. Cruz De Tenerife,"26,4",24.3,2.1,26.4,24.3,☀️ Día,Puerto de la Cruz (S.C. Tenerife),"+2,1"
2023-06-09,C459Z,Puerto de la Cruz,Sta. Cruz De Tenerife,"26,1",24.4,1.7,26.1,24.4,☀️ Día,Puerto de la Cruz (S.C. Tenerife),"+1,7"
2023-06-10,C459Z,Puerto de la Cruz,Sta. Cruz De Tenerife,28,24.4,3.6,28,24.4,☀️ Día,Puerto de la Cruz (S.C. Tenerife),"+3,6"
2023-06-11,C459Z,Puerto de la Cruz,Sta. Cruz De Tenerife,"28,5",24.5,4,28.5,24.5,☀️ Día,Puerto de la Cruz (S.C. Tenerife),4
2023-06-12,C459Z,Puerto de la Cruz,Sta. Cruz De Tenerife,"26,6",24.5,2.1,26.6,24.5,☀️ Día,Puerto de la Cruz (S.C. Tenerife),"+2,1"
2023-06-13,C459Z,Puerto de la Cruz,Sta. Cruz De Tenerife,"25,2",24.6,0.6,25.2,24.6,☀️ Día,Puerto de la Cruz (S.C. Tenerife),"+0,6"
2023-06-14,C459Z,Puerto de la Cruz,Sta. Cruz De Tenerife,"25,5",24.6,0.9,25.5,24.6,☀️ Día,Puerto de la Cruz (S.C. Tenerife),"+0,9"
2023-06-15,C459Z,Puerto de la Cruz,Sta. Cruz De Tenerife,27,24.6,2.4,27,24.6,☀️ Día,Puerto de la Cruz (S.C. Tenerife),"+2,4"
2023-06-16,C459Z,Puerto de la Cruz,Sta. Cruz De Tenerife,"27,9",24.7,3.2,27.9,24.7,☀️ Día,Puerto de la Cruz (S.C. Tenerife),"+3,2"
2023-06-17,C459Z,Puerto de la Cruz,Sta. Cruz De Tenerife,"28,4",24.8,3.6,28.4,24.8,☀️ Día,Puerto de la Cruz (S.C. Tenerife),"+3,6"
2023-06-18,C459Z,Puerto de la Cruz,Sta. Cruz De Tenerife,"27,3",24.8,2.5,27.3,24.8,☀️ Día,Puerto de la Cruz (S.C. Tenerife),"+2,5"
2023-06-19,C459Z,Puerto de la Cruz,Sta. Cruz De Tenerife,"27,2",24.9,2.3,27.2,24.9,☀️ Día,Puerto de la Cruz (S.C. Tenerife),"+2,3"
2023-06-20,C459Z,Puerto de la Cruz,Sta. Cruz De Tenerife,"27,5",24.9,2.6,27.5,24.9,☀️ Día,Puerto de la Cruz (S.C. Tenerife),"+2,6"
2023-06-21,C459Z,Puerto de la Cruz,Sta. Cruz De Tenerife,29,24.9,4.1,29,24.9,☀️ Día,Puerto de la Cruz (S.C. Tenerife),"+4,1"
2023-06-22,C459Z,Puerto de la Cruz,Sta. Cruz De Tenerife,"28,3",25,3.3,28.3,25,☀️ Día,Puerto de la Cruz (S.C. Tenerife),"+3,3"
2023-06-23,C459Z,Puerto de la Cruz,Sta. Cruz De Tenerife,"27,2",25,2.2,27.2,25,☀️ Día,Puerto de la Cruz (S.C. Tenerife),"+2,2"
2023-06-24,C459Z,Puerto de la Cruz,Sta. Cruz De Tenerife,"27,3",25,2.3,27.3,25,☀️ Día,Puerto de la Cruz (S.C. Tenerife),"+2,3"
2023-06-25,C459Z,Puerto de la Cruz,Sta. Cruz De Tenerife,"27,2",25.1,2.1,27.2,25.1,☀️ Día,Puerto de la Cruz (S.C. Tenerife),"+2,1"
2023-06-26,C459Z,Puerto de la Cruz,Sta. Cruz De Tenerife,"28,8",25.1,3.7,28.8,25.1,☀️ Día,Puerto de la Cruz (S.C. Tenerife),"+3,7"
2023-06-27,C459Z,Puerto de la Cruz,Sta. Cruz De Tenerife,"27,3",25.1,2.2,27.3,25.1,☀️ Día,Puerto de la Cruz (S.C. Tenerife),"+2,2"
2023-06-28,C459Z,Puerto de la Cruz,Sta. Cruz De Tenerife,28,25.2,2.8,28,25.2,☀️ Día,Puerto de la Cruz (S.C. Tenerife),"+2,8"
2023-06-29,C459Z,Puerto de la Cruz,Sta. Cruz De Tenerife,"28,5",25.2,3.3,28.5,25.2,☀️ Día,Puerto de la Cruz (S.C. Tenerife),"+3,3"
2023-06-30,C459Z,Puerto de la Cruz,Sta. Cruz De Tenerife,"27,5",25.2,2.3,27.5,25.2,☀️ Día,Puerto de la Cruz (S.C. Tenerife),"+2,3"
2023-07-01,C459Z,Puerto de la Cruz,Sta. Cruz De Tenerife,"27,3",25.3,2,27.3,25.3,☀️ Día,Puerto de la Cruz (S.C. Tenerife),2
2023-07-02,C459Z,Puerto de la Cruz,Sta. Cruz De Tenerife,"28,1",25.3,2.8,28.1,25.3,☀️ Día,Puerto de la Cruz (S.C. Tenerife),"+2,8"
2023-07-03,C459Z,Puerto de la Cruz,Sta. Cruz De Tenerife,27,25.3,1.7,27,25.3,☀️ Día,Puerto de la Cruz (S.C. Tenerife),"+1,7"
2023-07-04,C459Z,Puerto de la Cruz,Sta. Cruz De Tenerife,"27,7",25.3,2.4,27.7,25.3,☀️ Día,Puerto de la Cruz (S.C. Tenerife),"+2,4"
2023-07-05,C459Z,Puerto de la Cruz,Sta. Cruz De Tenerife,"28,2",25.3,2.9,28.2,25.3,☀️ Día,Puerto de la Cruz (S.C. Tenerife),"+2,9"
2023-07-06,C459Z,Puerto de la Cruz,Sta. Cruz De Tenerife,"28,8",25.3,3.5,28.8,25.3,☀️ Día,Puerto de la Cruz (S.C. Tenerife),"+3,5"
2023-07-07,C459Z,Puerto de la Cruz,Sta. Cruz De Tenerife,"27,9",25.4,2.5,27.9,25.4,☀️ Día,Puerto de la Cruz (S.C. Tenerife),"+2,5"
2023-07-08,C459Z,Puerto de la Cruz,Sta. Cruz De Tenerife,"29,2",25.4,3.8,29.2,25.4,☀️ Día,Puerto de la Cruz (S.C. Tenerife),"+3,8"
2023-07-09,C459Z,Puerto de la Cruz,Sta. Cruz De Tenerife,"28,3",25.5,2.8,28.3,25.5,☀️ Día,Puerto de la Cruz (S.C. Tenerife),"+2,8"
2023-07-10,C459Z,Puerto de la Cruz,Sta. Cruz De Tenerife,"28,2",25.5,2.7,28.2,25.5,☀️ Día,Puerto de la Cruz (S.C. Tenerife),"+2,7"
2023-07-11,C459Z,Puerto de la Cruz,Sta. Cruz De Tenerife,"27,6",25.5,2.1,27.6,25.5,☀️ Día,Puerto de la Cruz (S.C. Tenerife),"+2,1"
2023-07-12,C459Z,Puerto de la Cruz,Sta. Cruz De Tenerife,"27,4",25.6,1.8,27.4,25.6,☀️ Día,Puerto de la Cruz (S.C. Tenerife),"+1,8"
2023-07-13,C459Z,Puerto de la Cruz,Sta. Cruz De Tenerife,"28,4",25.6,2.8,28.4,25.6,☀️ Día,Puerto de la Cruz (S.C. Tenerife),"+2,8"
2023-07-14,C459Z,Puerto de la Cruz,Sta. Cruz De Tenerife,"27,4",25.6,1.8,27.4,25.6,☀️ Día,Puerto de la Cruz (S.C. Tenerife),"+1,8"
2023-07-15,C459Z,Puerto de la Cruz,Sta. Cruz De Tenerife,"28,1",25.7,2.4,28.1,25.7,☀️ Día,Puerto de la Cruz (S.C. Tenerife),"+2,4"
2023-07-16,C459Z,Puerto de la Cruz,Sta. Cruz De Tenerife,"27,6",25.7,1.9,27.6,25.7,☀️ Día,Puerto de la Cruz (S.C. Tenerife),"+1,9"
2023-07-17,C459Z,Puerto de la Cruz,Sta. Cruz De Tenerife,"26,5",25.7,0.8,26.5,25.7,☀️ Día,Puerto de la Cruz (S.C. Tenerife),"+0,8"
2023-07-18,C459Z,Puerto de la Cruz,Sta. Cruz De Tenerife,"25,9",25.8,0.1,25.9,25.8,☀️ Día,Puerto de la Cruz (S.C. Tenerife),"+0,1"
2023-07-19,C459Z,Puerto de la Cruz,Sta. Cruz De Tenerife,"26,5",25.8,0.7,26.5,25.8,☀️ Día,Puerto de la Cruz (S.C. Tenerife),"+0,7"
2023-07-20,C459Z,Puerto de la Cruz,Sta. Cruz De Tenerife,"27,7",25.8,1.9,27.7,25.8,☀️ Día,Puerto de la Cruz (S.C. Tenerife),"+1,9"
2023-07-21,C459Z,Puerto de la Cruz,Sta. Cruz De Tenerife,"27,7",25.9,1.8,27.7,25.9,☀️ Día,Puerto de la Cruz (S.C. Tenerife),"+1,8"
2023-07-22,C459Z,Puerto de la Cruz,Sta. Cruz De Tenerife,"27,8",25.9,1.9,27.8,25.9,☀️ Día,Puerto de la Cruz (S.C. Tenerife),"+1,9"
2023-07-23,C459Z,Puerto de la Cruz,Sta. Cruz De Tenerife,"28,2",25.9,2.3,28.2,25.9,☀️ Día,Puerto de la Cruz (S.C. Tenerife),"+2,3"
2023-07-24,C459Z,Puerto de la Cruz,Sta. Cruz De Tenerife,"28,3",26,2.3,28.3,26,☀️ Día,Puerto de la Cruz (S.C. Tenerife),"+2,3"
2023-07-25,C459Z,Puerto de la Cruz,Sta. Cruz De Tenerife,28,26,2,28,26,☀️ Día,Puerto de la Cruz (S.C. Tenerife),2
2023-07-26,C459Z,Puerto de la Cruz,Sta. Cruz De Tenerife,"28,3",26.1,2.2,28.3,26.1,☀️ Día,Puerto de la Cruz (S.C. Tenerife),"+2,2"
2023-07-27,C459Z,Puerto de la Cruz,Sta. Cruz De Tenerife,"28,7",26.1,2.6,28.7,26.1,☀️ Día,Puerto de la Cruz (S.C. Tenerife),"+2,6"
2023-07-28,C459Z,Puerto de la Cruz,Sta. Cruz De Tenerife,"28,8",26.1,2.7,28.8,26.1,☀️ Día,Puerto de la Cruz (S.C. Tenerife),"+2,7"
2023-07-29,C459Z,Puerto de la Cruz,Sta. Cruz De Tenerife,"27,2",26.2,1,27.2,26.2,☀️ Día,Puerto de la Cruz (S.C. Tenerife),1
2023-07-30,C459Z,Puerto de la Cruz,Sta. Cruz De Tenerife,"27,9",26.2,1.7,27.9,26.2,☀️ Día,Puerto de la Cruz (S.C. Tenerife),"+1,7"
2023-07-31,C459Z,Puerto de la Cruz,Sta. Cruz De Tenerife,"26,9",26.2,0.7,26.9,26.2,☀️ Día,Puerto de la Cruz (S.C. Tenerife),"+0,7"
2023-08-01,C459Z,Puerto de la Cruz,Sta. Cruz De Tenerife,"27,5",26.3,1.2,27.5,26.3,☀️ Día,Puerto de la Cruz (S.C. Tenerife),"+1,2"
2023-08-02,C459Z,Puerto de la Cruz,Sta. Cruz De Tenerife,"27,6",26.3,1.3,27.6,26.3,☀️ Día,Puerto de la Cruz (S.C. Tenerife),"+1,3"
2023-08-03,C459Z,Puerto de la Cruz,Sta. Cruz De Tenerife,"26,4",26.4,0,26.4,26.4,☀️ Día,Puerto de la Cruz (S.C. Tenerife),0
2023-08-04,C459Z,Puerto de la Cruz,Sta. Cruz De Tenerife,"25,8",26.4,-0.6,26.4,25.8,☀️ Día,Puerto de la Cruz (S.C. Tenerife),"-0,6"
2023-08-05,C459Z,Puerto de la Cruz,Sta. Cruz De Tenerife,"28,9",26.4,2.5,28.9,26.4,☀️ Día,Puerto de la Cruz (S.C. Tenerife),"+2,5"
2023-08-06,C459Z,Puerto de la Cruz,Sta. Cruz De Tenerife,"29,4",26.4,3,29.4,26.4,☀️ Día,Puerto de la Cruz (S.C. Tenerife),3
2023-08-07,C459Z,Puerto de la Cruz,Sta. Cruz De Tenerife,28,26.5,1.5,28,26.5,☀️ Día,Puerto de la Cruz (S.C. Tenerife),"+1,5"
2023-08-08,C459Z,Puerto de la Cruz,Sta. Cruz De Tenerife,"28,3",26.5,1.8,28.3,26.5,☀️ Día,Puerto de la Cruz (S.C. Tenerife),"+1,8"
2023-08-09,C459Z,Puerto de la Cruz,Sta. Cruz De Tenerife,29,26.5,2.5,29,26.5,☀️ Día,Puerto de la Cruz (S.C. Tenerife),"+2,5"
2023-08-10,C459Z,Puerto de la Cruz,Sta. Cruz De Tenerife,"28,3",26.5,1.8,28.3,26.5,☀️ Día,Puerto de la Cruz (S.C. Tenerife),"+1,8"
2023-08-11,C459Z,Puerto de la Cruz,Sta. Cruz De Tenerife,"28,8",26.6,2.2,28.8,26.6,☀️ Día,Puerto de la Cruz (S.C. Tenerife),"+2,2"
2023-08-12,C459Z,Puerto de la Cruz,Sta. Cruz De Tenerife,"29,6",26.6,3,29.6,26.6,☀️ Día,Puerto de la Cruz (S.C. Tenerife),3
2023-08-13,C459Z,Puerto de la Cruz,Sta. Cruz De Tenerife,"29,6",26.6,3,29.6,26.6,☀️ Día,Puerto de la Cruz (S.C. Tenerife),3
2023-08-14,C459Z,Puerto de la Cruz,Sta. Cruz De Tenerife,"27,9",26.6,1.3,27.9,26.6,☀️ Día,Puerto de la Cruz (S.C. Tenerife),"+1,3"
2023-08-15,C459Z,Puerto de la Cruz,Sta. Cruz De Tenerife,"27,7",26.6,1.1,27.7,26.6,☀️ Día,Puerto de la Cruz (S.C. Tenerife),"+1,1"
2023-08-16,C459Z,Puerto de la Cruz,Sta. Cruz De Tenerife,"27,7",26.6,1.1,27.7,26.6,☀️ Día,Puerto de la Cruz (S.C. Tenerife),"+1,1"
2023-08-17,C459Z,Puerto de la Cruz,Sta. Cruz De Tenerife,"27,8",26.6,1.2,27.8,26.6,☀️ Día,Puerto de la Cruz (S.C. Tenerife),"+1,2"
2023-08-18,C459Z,Puerto de la Cruz,Sta. Cruz De Tenerife,"28,1",26.7,1.4,28.1,26.7,☀️ Día,Puerto de la Cruz (S.C. Tenerife),"+1,4"
2023-06-01,1159,San Vicente de la Barquera,Cantabria,"22,7",18.4,4.3,22.7,18.4,☀️ Día,San Vicente de la Barquera (Cantabria),"+4,3"
2023-06-02,1159,San Vicente de la Barquera,Cantabria,"23,7",18.5,5.2,23.7,18.5,☀️ Día,San Vicente de la Barquera (Cantabria),"+5,2"
2023-06-03,1159,San Vicente de la Barquera,Cantabria,23,18.6,4.4,23,18.6,☀️ Día,San Vicente de la Barquera (Cantabria),"+4,4"
2023-06-04,1159,San Vicente de la Barquera,Cantabria,"23,8",18.7,5.1,23.8,18.7,☀️ Día,San Vicente de la Barquera (Cantabria),"+5,1"
2023-06-05,1159,San Vicente de la Barquera,Cantabria,"24,5",18.8,5.7,24.5,18.8,☀️ Día,San Vicente de la Barquera (Cantabria),"+5,7"
2023-06-06,1159,San Vicente de la Barquera,Cantabria,"24,6",18.9,5.7,24.6,18.9,☀️ Día,San Vicente de la Barquera (Cantabria),"+5,7"
2023-06-07,1159,San Vicente de la Barquera,Cantabria,"25,6",19,6.6,25.6,19,☀️ Día,San Vicente de la Barquera (Cantabria),"+6,6"
2023-06-08,1159,San Vicente de la Barquera,Cantabria,"24,5",19.1,5.4,24.5,19.1,☀️ Día,San Vicente de la Barquera (Cantabria),"+5,4"
2023-06-09,1159,San Vicente de la Barquera,Cantabria,"26,6",19.2,7.4,26.6,19.2,☀️ Día,San Vicente de la Barquera (Cantabria),"+7,4"
2023-06-10,1159,San Vicente de la Barquera,Cantabria,"24,8",19.3,5.5,24.8,19.3,☀️ Día,San Vicente de la Barquera (Cantabria),"+5,5"
2023-06-11,1159,San Vicente de la Barquera,Cantabria,"23,3",19.3,4,23.3,19.3,☀️ Día,San Vicente de la Barquera (Cantabria),4
2023-06-12,1159,San Vicente de la Barquera,Cantabria,"24,3",19.4,4.9,24.3,19.4,☀️ Día,San Vicente de la Barquera (Cantabria),"+4,9"
2023-06-13,1159,San Vicente de la Barquera,Cantabria,"21,2",19.5,1.7,21.2,19.5,☀️ Día,San Vicente de la Barquera (Cantabria),"+1,7"
2023-06-14,1159,San Vicente de la Barquera,Cantabria,"22,4",19.6,2.8,22.4,19.6,☀️ Día,San Vicente de la Barquera (Cantabria),"+2,8"
2023-06-15,1159,San Vicente de la Barquera,Cantabria,"23,1",19.6,3.5,23.1,19.6,☀️ Día,San Vicente de la Barquera (Cantabria),"+3,5"
2023-06-16,1159,San Vicente de la Barquera,Cantabria,"23,8",19.7,4.1,23.8,19.7,☀️ Día,San Vicente de la Barquera (Cantabria),"+4,1"
2023-06-17,1159,San Vicente de la Barquera,Cantabria,"22,9",19.8,3.1,22.9,19.8,☀️ Día,San Vicente de la Barquera (Cantabria),"+3,1"
2023-06-18,1159,San Vicente de la Barquera,Cantabria,"23,3",19.9,3.4,23.3,19.9,☀️ Día,San Vicente de la Barquera (Cantabria),"+3,4"
2023-06-19,1159,San Vicente de la Barquera,Cantabria,"23,1",20,3.1,23.1,20,☀️ Día,San Vicente de la Barquera (Cantabria),"+3,1"
2023-06-20,1159,San Vicente de la Barquera,Cantabria,"19,9",20.1,-0.2,20.1,19.9,☀️ Día,San Vicente de la Barquera (Cantabria),"-0,2"
2023-06-21,1159,San Vicente de la Barquera,Cantabria,"20,9",20.1,0.8,20.9,20.1,☀️ Día,San Vicente de la Barquera (Cantabria),"+0,8"
2023-06-22,1159,San Vicente de la Barquera,Cantabria,"24,8",20.2,4.6,24.8,20.2,☀️ Día,San Vicente de la Barquera (Cantabria),"+4,6"
2023-06-23,1159,San Vicente de la Barquera,Cantabria,"23,2",20.3,2.9,23.2,20.3,☀️ Día,San Vicente de la Barquera (Cantabria),"+2,9"
2023-06-24,1159,San Vicente de la Barquera,Cantabria,"25,4",20.4,5,25.4,20.4,☀️ Día,San Vicente de la Barquera (Cantabria),5
2023-06-25,1159,San Vicente de la Barquera,Cantabria,"23,8",20.5,3.3,23.8,20.5,☀️ Día,San Vicente de la Barquera (Cantabria),"+3,3"
2023-06-26,1159,San Vicente de la Barquera,Cantabria,24,20.5,3.5,24,20.5,☀️ Día,San Vicente de la Barquera (Cantabria),"+3,5"
2023-06-27,1159,San Vicente de la Barquera,Cantabria,24,20.6,3.4,24,20.6,☀️ Día,San Vicente de la Barquera (Cantabria),"+3,4"
2023-06-28,1159,San Vicente de la Barquera,Cantabria,"24,5",20.6,3.9,24.5,20.6,☀️ Día,San Vicente de la Barquera (Cantabria),"+3,9"
2023-06-29,1159,San Vicente de la Barquera,Cantabria,"22,1",20.7,1.4,22.1,20.7,☀️ Día,San Vicente de la Barquera (Cantabria),"+1,4"
2023-06-30,1159,San Vicente de la Barquera,Cantabria,23,20.7,2.3,23,20.7,☀️ Día,San Vicente de la Barquera (Cantabria),"+2,3"
2023-07-01,1159,San Vicente de la Barquera,Cantabria,"23,4",20.8,2.6,23.4,20.8,☀️ Día,San Vicente de la Barquera (Cantabria),"+2,6"
2023-07-02,1159,San Vicente de la Barquera,Cantabria,"24,6",20.9,3.7,24.6,20.9,☀️ Día,San Vicente de la Barquera (Cantabria),"+3,7"
2023-07-03,1159,San Vicente de la Barquera,Cantabria,"25,9",21,4.9,25.9,21,☀️ Día,San Vicente de la Barquera (Cantabria),"+4,9"
2023-07-04,1159,San Vicente de la Barquera,Cantabria,"24,6",21.1,3.5,24.6,21.1,☀️ Día,San Vicente de la Barquera (Cantabria),"+3,5"
2023-07-05,1159,San Vicente de la Barquera,Cantabria,"24,2",21.2,3,24.2,21.2,☀️ Día,San Vicente de la Barquera (Cantabria),3
2023-07-06,1159,San Vicente de la Barquera,Cantabria,"24,4",21.2,3.2,24.4,21.2,☀️ Día,San Vicente de la Barquera (Cantabria),"+3,2"
2023-07-07,1159,San Vicente de la Barquera,Cantabria,"26,1",21.2,4.9,26.1,21.2,☀️ Día,San Vicente de la Barquera (Cantabria),"+4,9"
2023-07-08,1159,San Vicente de la Barquera,Cantabria,"26,3",21.3,5,26.3,21.3,☀️ Día,San Vicente de la Barquera (Cantabria),5
2023-07-09,1159,San Vicente de la Barquera,Cantabria,"23,5",21.4,2.1,23.5,21.4,☀️ Día,San Vicente de la Barquera (Cantabria),"+2,1"
2023-07-10,1159,San Vicente de la Barquera,Cantabria,"26,7",21.4,5.3,26.7,21.4,☀️ Día,San Vicente de la Barquera (Cantabria),"+5,3"
2023-07-11,1159,San Vicente de la Barquera,Cantabria,"25,3",21.5,3.8,25.3,21.5,☀️ Día,San Vicente de la Barquera (Cantabria),"+3,8"
2023-07-12,1159,San Vicente de la Barquera,Cantabria,"25,8",21.6,4.2,25.8,21.6,☀️ Día,San Vicente de la Barquera (Cantabria),"+4,2"
2023-07-13,1159,San Vicente de la Barquera,Cantabria,"23,6",21.7,1.9,23.6,21.7,☀️ Día,San Vicente de la Barquera (Cantabria),"+1,9"
2023-07-14,1159,San Vicente de la Barquera,Cantabria,"29,2",21.8,7.4,29.2,21.8,☀️ Día,San Vicente de la Barquera (Cantabria),"+7,4"
2023-07-15,1159,San Vicente de la Barquera,Cantabria,21,21.8,-0.8,21.8,21,☀️ Día,San Vicente de la Barquera (Cantabria),"-0,8"
2023-07-16,1159,San Vicente de la Barquera,Cantabria,"22,8",21.9,0.9,22.8,21.9,☀️ Día,San Vicente de la Barquera (Cantabria),"+0,9"
2023-07-17,1159,San Vicente de la Barquera,Cantabria,23,21.9,1.1,23,21.9,☀️ Día,San Vicente de la Barquera (Cantabria),"+1,1"
2023-07-18,1159,San Vicente de la Barquera,Cantabria,"24,9",21.9,3,24.9,21.9,☀️ Día,San Vicente de la Barquera (Cantabria),3
2023-07-19,1159,San Vicente de la Barquera,Cantabria,"25,9",22,3.9,25.9,22,☀️ Día,San Vicente de la Barquera (Cantabria),"+3,9"
2023-07-20,1159,San Vicente de la Barquera,Cantabria,"26,2",22.1,4.1,26.2,22.1,☀️ Día,San Vicente de la Barquera (Cantabria),"+4,1"
2023-07-21,1159,San Vicente de la Barquera,Cantabria,"25,5",22.1,3.4,25.5,22.1,☀️ Día,San Vicente de la Barquera (Cantabria),"+3,4"
2023-07-22,1159,San Vicente de la Barquera,Cantabria,25,22.2,2.8,25,22.2,☀️ Día,San Vicente de la Barquera (Cantabria),"+2,8"
2023-07-23,1159,San Vicente de la Barquera,Cantabria,"25,8",22.3,3.5,25.8,22.3,☀️ Día,San Vicente de la Barquera (Cantabria),"+3,5"
2023-07-24,1159,San Vicente de la Barquera,Cantabria,"23,6",22.3,1.3,23.6,22.3,☀️ Día,San Vicente de la Barquera (Cantabria),"+1,3"
2023-07-25,1159,San Vicente de la Barquera,Cantabria,"23,3",22.4,0.9,23.3,22.4,☀️ Día,San Vicente de la Barquera (Cantabria),"+0,9"
2023-07-26,1159,San Vicente de la Barquera,Cantabria,"26,4",22.4,4,26.4,22.4,☀️ Día,San Vicente de la Barquera (Cantabria),4
2023-07-27,1159,San Vicente de la Barquera,Cantabria,"25,1",22.4,2.7,25.1,22.4,☀️ Día,San Vicente de la Barquera (Cantabria),"+2,7"
2023-07-28,1159,San Vicente de la Barquera,Cantabria,"27,6",22.4,5.2,27.6,22.4,☀️ Día,San Vicente de la Barquera (Cantabria),"+5,2"
2023-07-29,1159,San Vicente de la Barquera,Cantabria,"23,2",22.4,0.8,23.2,22.4,☀️ Día,San Vicente de la Barquera (Cantabria),"+0,8"
2023-07-30,1159,San Vicente de la Barquera,Cantabria,"23,9",22.5,1.4,23.9,22.5,☀️ Día,San Vicente de la Barquera (Cantabria),"+1,4"
2023-07-31,1159,San Vicente de la Barquera,Cantabria,"24,7",22.6,2.1,24.7,22.6,☀️ Día,San Vicente de la Barquera (Cantabria),"+2,1"
2023-08-01,1159,San Vicente de la Barquera,Cantabria,"27,2",22.6,4.6,27.2,22.6,☀️ Día,San Vicente de la Barquera (Cantabria),"+4,6"
2023-08-02,1159,San Vicente de la Barquera,Cantabria,"28,2",22.6,5.6,28.2,22.6,☀️ Día,San Vicente de la Barquera (Cantabria),"+5,6"
2023-08-03,1159,San Vicente de la Barquera,Cantabria,"22,5",22.6,-0.1,22.6,22.5,☀️ Día,San Vicente de la Barquera (Cantabria),"-0,1"
2023-08-04,1159,San Vicente de la Barquera,Cantabria,"21,2",22.6,-1.4,22.6,21.2,☀️ Día,San Vicente de la Barquera (Cantabria),"-1,4"
2023-08-05,1159,San Vicente de la Barquera,Cantabria,"23,5",22.6,0.9,23.5,22.6,☀️ Día,San Vicente de la Barquera (Cantabria),"+0,9"
2023-08-06,1159,San Vicente de la Barquera,Cantabria,"24,2",22.6,1.6,24.2,22.6,☀️ Día,San Vicente de la Barquera (Cantabria),"+1,6"
2023-08-07,1159,San Vicente de la Barquera,Cantabria,"21,8",22.7,-0.9,22.7,21.8,☀️ Día,San Vicente de la Barquera (Cantabria),"-0,9"
2023-08-08,1159,San Vicente de la Barquera,Cantabria,"23,3",22.7,0.6,23.3,22.7,☀️ Día,San Vicente de la Barquera (Cantabria),"+0,6"
2023-08-09,1159,San Vicente de la Barquera,Cantabria,"26,8",22.6,4.2,26.8,22.6,☀️ Día,San Vicente de la Barquera (Cantabria),"+4,2"
2023-08-10,1159,San Vicente de la Barquera,Cantabria,"26,8",22.6,4.2,26.8,22.6,☀️ Día,San Vicente de la Barquera (Cantabria),"+4,2"
2023-08-11,1159,San Vicente de la Barquera,Cantabria,"26,7",22.6,4.1,26.7,22.6,☀️ Día,San Vicente de la Barquera (Cantabria),"+4,1"
2023-08-12,1159,San Vicente de la Barquera,Cantabria,"22,1",22.7,-0.6,22.7,22.1,☀️ Día,San Vicente de la Barquera (Cantabria),"-0,6"
2023-08-13,1159,San Vicente de la Barquera,Cantabria,"22,2",22.7,-0.5,22.7,22.2,☀️ Día,San Vicente de la Barquera (Cantabria),"-0,5"
2023-08-14,1159,San Vicente de la Barquera,Cantabria,"24,4",22.6,1.8,24.4,22.6,☀️ Día,San Vicente de la Barquera (Cantabria),"+1,8"
2023-08-15,1159,San Vicente de la Barquera,Cantabria,"24,5",22.6,1.9,24.5,22.6,☀️ Día,San Vicente de la Barquera (Cantabria),"+1,9"
2023-08-16,1159,San Vicente de la Barquera,Cantabria,"21,3",22.6,-1.3,22.6,21.3,☀️ Día,San Vicente de la Barquera (Cantabria),"-1,3"
2023-08-17,1159,San Vicente de la Barquera,Cantabria,"26,5",22.6,3.9,26.5,22.6,☀️ Día,San Vicente de la Barquera (Cantabria),"+3,9"
2023-08-18,1159,San Vicente de la Barquera,Cantabria,"26,5",22.6,3.9,26.5,22.6,☀️ Día,San Vicente de la Barquera (Cantabria),"+3,9"
2023-06-01,1210X,Cabo Peñas,Asturias,"20,8",17.4,3.4,20.8,17.4,☀️ Día,Cabo Peñas (Asturias),"+3,4"
2023-06-02,1210X,Cabo Peñas,Asturias,"21,1",17.5,3.6,21.1,17.5,☀️ Día,Cabo Peñas (Asturias),"+3,6"
2023-06-03,1210X,Cabo Peñas,Asturias,"21,4",17.5,3.9,21.4,17.5,☀️ Día,Cabo Peñas (Asturias),"+3,9"
2023-06-04,1210X,Cabo Peñas,Asturias,"20,7",17.6,3.1,20.7,17.6,☀️ Día,Cabo Peñas (Asturias),"+3,1"
2023-06-05,1210X,Cabo Peñas,Asturias,"21,6",17.7,3.9,21.6,17.7,☀️ Día,Cabo Peñas (Asturias),"+3,9"
2023-06-06,1210X,Cabo Peñas,Asturias,"23,7",17.8,5.9,23.7,17.8,☀️ Día,Cabo Peñas (Asturias),"+5,9"
2023-06-07,1210X,Cabo Peñas,Asturias,22,17.8,4.2,22,17.8,☀️ Día,Cabo Peñas (Asturias),"+4,2"
2023-06-08,1210X,Cabo Peñas,Asturias,23,18,5,23,18,☀️ Día,Cabo Peñas (Asturias),5
2023-06-09,1210X,Cabo Peñas,Asturias,"23,3",18,5.3,23.3,18,☀️ Día,Cabo Peñas (Asturias),"+5,3"
2023-06-10,1210X,Cabo Peñas,Asturias,"22,2",18,4.2,22.2,18,☀️ Día,Cabo Peñas (Asturias),"+4,2"
2023-06-11,1210X,Cabo Peñas,Asturias,"21,7",18.1,3.6,21.7,18.1,☀️ Día,Cabo Peñas (Asturias),"+3,6"
2023-06-12,1210X,Cabo Peñas,Asturias,22,18.2,3.8,22,18.2,☀️ Día,Cabo Peñas (Asturias),"+3,8"
2023-06-13,1210X,Cabo Peñas,Asturias,"20,4",18.2,2.2,20.4,18.2,☀️ Día,Cabo Peñas (Asturias),"+2,2"
2023-06-14,1210X,Cabo Peñas,Asturias,"22,4",18.3,4.1,22.4,18.3,☀️ Día,Cabo Peñas (Asturias),"+4,1"
2023-06-15,1210X,Cabo Peñas,Asturias,"22,2",18.3,3.9,22.2,18.3,☀️ Día,Cabo Peñas (Asturias),"+3,9"
2023-06-16,1210X,Cabo Peñas,Asturias,"23,3",18.4,4.9,23.3,18.4,☀️ Día,Cabo Peñas (Asturias),"+4,9"
2023-06-17,1210X,Cabo Peñas,Asturias,21,18.5,2.5,21,18.5,☀️ Día,Cabo Peñas (Asturias),"+2,5"
2023-06-18,1210X,Cabo Peñas,Asturias,"22,4",18.5,3.9,22.4,18.5,☀️ Día,Cabo Peñas (Asturias),"+3,9"
2023-06-19,1210X,Cabo Peñas,Asturias,"20,1",18.6,1.5,20.1,18.6,☀️ Día,Cabo Peñas (Asturias),"+1,5"
2023-06-20,1210X,Cabo Peñas,Asturias,"20,4",18.7,1.7,20.4,18.7,☀️ Día,Cabo Peñas (Asturias),"+1,7"
2023-06-21,1210X,Cabo Peñas,Asturias,"21,1",18.7,2.4,21.1,18.7,☀️ Día,Cabo Peñas (Asturias),"+2,4"
2023-06-22,1210X,Cabo Peñas,Asturias,"21,8",18.7,3.1,21.8,18.7,☀️ Día,Cabo Peñas (Asturias),"+3,1"
2023-06-23,1210X,Cabo Peñas,Asturias,22,18.9,3.1,22,18.9,☀️ Día,Cabo Peñas (Asturias),"+3,1"
2023-06-24,1210X,Cabo Peñas,Asturias,"22,9",18.9,4,22.9,18.9,☀️ Día,Cabo Peñas (Asturias),4
2023-06-25,1210X,Cabo Peñas,Asturias,"22,1",19,3.1,22.1,19,☀️ Día,Cabo Peñas (Asturias),"+3,1"
2023-06-26,1210X,Cabo Peñas,Asturias,"22,6",19.1,3.5,22.6,19.1,☀️ Día,Cabo Peñas (Asturias),"+3,5"
2023-06-27,1210X,Cabo Peñas,Asturias,"22,2",19.2,3,22.2,19.2,☀️ Día,Cabo Peñas (Asturias),3
2023-06-28,1210X,Cabo Peñas,Asturias,"22,8",19.3,3.5,22.8,19.3,☀️ Día,Cabo Peñas (Asturias),"+3,5"
2023-06-29,1210X,Cabo Peñas,Asturias,"19,9",19.4,0.5,19.9,19.4,☀️ Día,Cabo Peñas (Asturias),"+0,5"
2023-06-30,1210X,Cabo Peñas,Asturias,"20,2",19.5,0.7,20.2,19.5,☀️ Día,Cabo Peñas (Asturias),"+0,7"
2023-07-01,1210X,Cabo Peñas,Asturias,"21,3",19.6,1.7,21.3,19.6,☀️ Día,Cabo Peñas (Asturias),"+1,7"
2023-07-02,1210X,Cabo Peñas,Asturias,"22,1",19.6,2.5,22.1,19.6,☀️ Día,Cabo Peñas (Asturias),"+2,5"
2023-07-03,1210X,Cabo Peñas,Asturias,"22,8",19.7,3.1,22.8,19.7,☀️ Día,Cabo Peñas (Asturias),"+3,1"
2023-07-04,1210X,Cabo Peñas,Asturias,23,19.8,3.2,23,19.8,☀️ Día,Cabo Peñas (Asturias),"+3,2"
2023-07-05,1210X,Cabo Peñas,Asturias,"21,9",19.8,2.1,21.9,19.8,☀️ Día,Cabo Peñas (Asturias),"+2,1"
2023-07-06,1210X,Cabo Peñas,Asturias,"23,8",19.9,3.9,23.8,19.9,☀️ Día,Cabo Peñas (Asturias),"+3,9"
2023-07-07,1210X,Cabo Peñas,Asturias,"24,4",19.9,4.5,24.4,19.9,☀️ Día,Cabo Peñas (Asturias),"+4,5"
2023-07-08,1210X,Cabo Peñas,Asturias,"22,3",20,2.3,22.3,20,☀️ Día,Cabo Peñas (Asturias),"+2,3"
2023-07-09,1210X,Cabo Peñas,Asturias,"24,4",20,4.4,24.4,20,☀️ Día,Cabo Peñas (Asturias),"+4,4"
2023-07-10,1210X,Cabo Peñas,Asturias,"24,4",20.1,4.3,24.4,20.1,☀️ Día,Cabo Peñas (Asturias),"+4,3"
2023-07-11,1210X,Cabo Peñas,Asturias,"22,5",20.2,2.3,22.5,20.2,☀️ Día,Cabo Peñas (Asturias),"+2,3"
2023-07-12,1210X,Cabo Peñas,Asturias,"21,4",20.3,1.1,21.4,20.3,☀️ Día,Cabo Peñas (Asturias),"+1,1"
2023-07-13,1210X,Cabo Peñas,Asturias,"23,4",20.3,3.1,23.4,20.3,☀️ Día,Cabo Peñas (Asturias),"+3,1"
2023-07-14,1210X,Cabo Peñas,Asturias,"26,8",20.4,6.4,26.8,20.4,☀️ Día,Cabo Peñas (Asturias),"+6,4"
2023-07-15,1210X,Cabo Peñas,Asturias,"20,3",20.4,-0.1,20.4,20.3,☀️ Día,Cabo Peñas (Asturias),"-0,1"
2023-07-16,1210X,Cabo Peñas,Asturias,"22,8",20.4,2.4,22.8,20.4,☀️ Día,Cabo Peñas (Asturias),"+2,4"
2023-07-17,1210X,Cabo Peñas,Asturias,"22,6",20.5,2.1,22.6,20.5,☀️ Día,Cabo Peñas (Asturias),"+2,1"
2023-07-18,1210X,Cabo Peñas,Asturias,"23,4",20.6,2.8,23.4,20.6,☀️ Día,Cabo Peñas (Asturias),"+2,8"
2023-07-19,1210X,Cabo Peñas,Asturias,"23,1",20.6,2.5,23.1,20.6,☀️ Día,Cabo Peñas (Asturias),"+2,5"
2023-07-20,1210X,Cabo Peñas,Asturias,"23,8",20.7,3.1,23.8,20.7,☀️ Día,Cabo Peñas (Asturias),"+3,1"
2023-07-21,1210X,Cabo Peñas,Asturias,"24,4",20.8,3.6,24.4,20.8,☀️ Día,Cabo Peñas (Asturias),"+3,6"
2023-07-22,1210X,Cabo Peñas,Asturias,"23,5",20.8,2.7,23.5,20.8,☀️ Día,Cabo Peñas (Asturias),"+2,7"
2023-07-23,1210X,Cabo Peñas,Asturias,"23,4",20.9,2.5,23.4,20.9,☀️ Día,Cabo Peñas (Asturias),"+2,5"
2023-07-24,1210X,Cabo Peñas,Asturias,"21,4",21,0.4,21.4,21,☀️ Día,Cabo Peñas (Asturias),"+0,4"
2023-07-25,1210X,Cabo Peñas,Asturias,"20,8",21,-0.2,21,20.8,☀️ Día,Cabo Peñas (Asturias),"-0,2"
2023-07-26,1210X,Cabo Peñas,Asturias,24,21,3,24,21,☀️ Día,Cabo Peñas (Asturias),3
2023-07-27,1210X,Cabo Peñas,Asturias,"22,6",21.1,1.5,22.6,21.1,☀️ Día,Cabo Peñas (Asturias),"+1,5"
2023-07-28,1210X,Cabo Peñas,Asturias,"26,6",21,5.6,26.6,21,☀️ Día,Cabo Peñas (Asturias),"+5,6"
2023-07-29,1210X,Cabo Peñas,Asturias,"22,3",21.1,1.2,22.3,21.1,☀️ Día,Cabo Peñas (Asturias),"+1,2"
2023-07-30,1210X,Cabo Peñas,Asturias,"23,3",21.1,2.2,23.3,21.1,☀️ Día,Cabo Peñas (Asturias),"+2,2"
2023-07-31,1210X,Cabo Peñas,Asturias,"23,9",21.1,2.8,23.9,21.1,☀️ Día,Cabo Peñas (Asturias),"+2,8"
2023-08-01,1210X,Cabo Peñas,Asturias,23,21.1,1.9,23,21.1,☀️ Día,Cabo Peñas (Asturias),"+1,9"
2023-08-02,1210X,Cabo Peñas,Asturias,"25,3",21.2,4.1,25.3,21.2,☀️ Día,Cabo Peñas (Asturias),"+4,1"
2023-08-03,1210X,Cabo Peñas,Asturias,"20,2",21.2,-1,21.2,20.2,☀️ Día,Cabo Peñas (Asturias),-1
2023-08-04,1210X,Cabo Peñas,Asturias,"21,6",21.2,0.4,21.6,21.2,☀️ Día,Cabo Peñas (Asturias),"+0,4"
2023-08-05,1210X,Cabo Peñas,Asturias,"21,3",21.2,0.1,21.3,21.2,☀️ Día,Cabo Peñas (Asturias),"+0,1"
2023-08-06,1210X,Cabo Peñas,Asturias,"21,8",21.2,0.6,21.8,21.2,☀️ Día,Cabo Peñas (Asturias),"+0,6"
2023-08-07,1210X,Cabo Peñas,Asturias,"22,9",21.3,1.6,22.9,21.3,☀️ Día,Cabo Peñas (Asturias),"+1,6"
2023-08-08,1210X,Cabo Peñas,Asturias,"23,7",21.3,2.4,23.7,21.3,☀️ Día,Cabo Peñas (Asturias),"+2,4"
2023-08-09,1210X,Cabo Peñas,Asturias,"25,1",21.3,3.8,25.1,21.3,☀️ Día,Cabo Peñas (Asturias),"+3,8"
2023-08-10,1210X,Cabo Peñas,Asturias,"26,2",21.3,4.9,26.2,21.3,☀️ Día,Cabo Peñas (Asturias),"+4,9"
2023-08-11,1210X,Cabo Peñas,Asturias,"26,2",21.3,4.9,26.2,21.3,☀️ Día,Cabo Peñas (Asturias),"+4,9"
2023-08-12,1210X,Cabo Peñas,Asturias,"22,2",21.3,0.9,22.2,21.3,☀️ Día,Cabo Peñas (Asturias),"+0,9"
2023-08-13,1210X,Cabo Peñas,Asturias,"24,5",21.3,3.2,24.5,21.3,☀️ Día,Cabo Peñas (Asturias),"+3,2"
2023-08-14,1210X,Cabo Peñas,Asturias,"23,1",21.3,1.8,23.1,21.3,☀️ Día,Cabo Peñas (Asturias),"+1,8"
2023-08-15,1210X,Cabo Peñas,Asturias,"21,2",21.3,-0.1,21.3,21.2,☀️ Día,Cabo Peñas (Asturias),"-0,1"
2023-08-16,1210X,Cabo Peñas,Asturias,"21,4",21.3,0.1,21.4,21.3,☀️ Día,Cabo Peñas (Asturias),"+0,1"
2023-08-17,1210X,Cabo Peñas,Asturias,"24,8",21.3,3.5,24.8,21.3,☀️ Día,Cabo Peñas (Asturias),"+3,5"
2023-08-18,1210X,Cabo Peñas,Asturias,"25,3",21.3,4,25.3,21.3,☀️ Día,Cabo Peñas (Asturias),4
2023-08-19,1210X,Cabo Peñas,Asturias,"24,4",21.3,3.1,24.4,21.3,☀️ Día,Cabo Peñas (Asturias),"+3,1"
2023-08-20,1210X,Cabo Peñas,Asturias,"21,9",21.2,0.7,21.9,21.2,☀️ Día,Cabo Peñas (Asturias),"+0,7"
2023-08-21,1210X,Cabo Peñas,Asturias,"23,9",21.2,2.7,23.9,21.2,☀️ Día,Cabo Peñas (Asturias),"+2,7"
2023-08-22,1210X,Cabo Peñas,Asturias,24,21.1,2.9,24,21.1,☀️ Día,Cabo Peñas (Asturias),"+2,9"
2023-06-01,1387,A Coruña,A Coruña,"20,1",19.4,0.7,20.1,19.4,☀️ Día,A Coruña (A Coruña),"+0,7"
2023-06-02,1387,A Coruña,A Coruña,"23,3",19.5,3.8,23.3,19.5,☀️ Día,A Coruña (A Coruña),"+3,8"
2023-06-03,1387,A Coruña,A Coruña,"23,8",19.6,4.2,23.8,19.6,☀️ Día,A Coruña (A Coruña),"+4,2"
2023-06-04,1387,A Coruña,A Coruña,"23,9",19.6,4.3,23.9,19.6,☀️ Día,A Coruña (A Coruña),"+4,3"
2023-06-05,1387,A Coruña,A Coruña,"21,3",19.6,1.7,21.3,19.6,☀️ Día,A Coruña (A Coruña),"+1,7"
2023-06-06,1387,A Coruña,A Coruña,"27,2",19.8,7.4,27.2,19.8,☀️ Día,A Coruña (A Coruña),"+7,4"
2023-06-07,1387,A Coruña,A Coruña,"22,7",19.9,2.8,22.7,19.9,☀️ Día,A Coruña (A Coruña),"+2,8"
2023-06-08,1387,A Coruña,A Coruña,"24,4",20,4.4,24.4,20,☀️ Día,A Coruña (A Coruña),"+4,4"
2023-06-09,1387,A Coruña,A Coruña,24,20,4,24,20,☀️ Día,A Coruña (A Coruña),4
2023-06-10,1387,A Coruña,A Coruña,22,20,2,22,20,☀️ Día,A Coruña (A Coruña),2
2023-06-11,1387,A Coruña,A Coruña,"22,5",20,2.5,22.5,20,☀️ Día,A Coruña (A Coruña),"+2,5"
2023-06-12,1387,A Coruña,A Coruña,"23,1",20.2,2.9,23.1,20.2,☀️ Día,A Coruña (A Coruña),"+2,9"
2023-06-13,1387,A Coruña,A Coruña,21,20.2,0.8,21,20.2,☀️ Día,A Coruña (A Coruña),"+0,8"
2023-06-14,1387,A Coruña,A Coruña,"21,2",20.2,1,21.2,20.2,☀️ Día,A Coruña (A Coruña),1
2023-06-15,1387,A Coruña,A Coruña,"24,9",20.3,4.6,24.9,20.3,☀️ Día,A Coruña (A Coruña),"+4,6"
2023-06-16,1387,A Coruña,A Coruña,"25,4",20.4,5,25.4,20.4,☀️ Día,A Coruña (A Coruña),5
2023-06-17,1387,A Coruña,A Coruña,"22,4",20.4,2,22.4,20.4,☀️ Día,A Coruña (A Coruña),2
2023-06-18,1387,A Coruña,A Coruña,"22,7",20.5,2.2,22.7,20.5,☀️ Día,A Coruña (A Coruña),"+2,2"
2023-06-19,1387,A Coruña,A Coruña,"20,8",20.6,0.2,20.8,20.6,☀️ Día,A Coruña (A Coruña),"+0,2"
2023-06-20,1387,A Coruña,A Coruña,"22,1",20.6,1.5,22.1,20.6,☀️ Día,A Coruña (A Coruña),"+1,5"
2023-06-21,1387,A Coruña,A Coruña,"21,6",20.8,0.8,21.6,20.8,☀️ Día,A Coruña (A Coruña),"+0,8"
2023-06-22,1387,A Coruña,A Coruña,"22,6",20.8,1.8,22.6,20.8,☀️ Día,A Coruña (A Coruña),"+1,8"
2023-06-23,1387,A Coruña,A Coruña,"24,5",20.9,3.6,24.5,20.9,☀️ Día,A Coruña (A Coruña),"+3,6"
2023-06-24,1387,A Coruña,A Coruña,"31,6",21,10.6,31.6,21,☀️ Día,A Coruña (A Coruña),"+10,6"
2023-06-25,1387,A Coruña,A Coruña,"24,5",21,3.5,24.5,21,☀️ Día,A Coruña (A Coruña),"+3,5"
2023-06-26,1387,A Coruña,A Coruña,"22,2",21,1.2,22.2,21,☀️ Día,A Coruña (A Coruña),"+1,2"
2023-06-27,1387,A Coruña,A Coruña,"23,6",21.2,2.4,23.6,21.2,☀️ Día,A Coruña (A Coruña),"+2,4"
2023-06-28,1387,A Coruña,A Coruña,"21,4",21.2,0.2,21.4,21.2,☀️ Día,A Coruña (A Coruña),"+0,2"
2023-06-29,1387,A Coruña,A Coruña,"21,1",21.2,-0.1,21.2,21.1,☀️ Día,A Coruña (A Coruña),"-0,1"
2023-06-30,1387,A Coruña,A Coruña,"22,8",21.4,1.4,22.8,21.4,☀️ Día,A Coruña (A Coruña),"+1,4"
2023-07-01,1387,A Coruña,A Coruña,"22,4",21.4,1,22.4,21.4,☀️ Día,A Coruña (A Coruña),1
2023-07-02,1387,A Coruña,A Coruña,"21,2",21.4,-0.2,21.4,21.2,☀️ Día,A Coruña (A Coruña),"-0,2"
2023-07-03,1387,A Coruña,A Coruña,"22,4",21.4,1,22.4,21.4,☀️ Día,A Coruña (A Coruña),1
2023-07-04,1387,A Coruña,A Coruña,"24,1",21.5,2.6,24.1,21.5,☀️ Día,A Coruña (A Coruña),"+2,6"
2023-07-05,1387,A Coruña,A Coruña,"22,1",21.6,0.5,22.1,21.6,☀️ Día,A Coruña (A Coruña),"+0,5"
2023-07-06,1387,A Coruña,A Coruña,"22,7",21.6,1.1,22.7,21.6,☀️ Día,A Coruña (A Coruña),"+1,1"
2023-07-07,1387,A Coruña,A Coruña,27,21.6,5.4,27,21.6,☀️ Día,A Coruña (A Coruña),"+5,4"
2023-07-08,1387,A Coruña,A Coruña,24,21.6,2.4,24,21.6,☀️ Día,A Coruña (A Coruña),"+2,4"
2023-07-09,1387,A Coruña,A Coruña,"23,2",21.6,1.6,23.2,21.6,☀️ Día,A Coruña (A Coruña),"+1,6"
2023-07-10,1387,A Coruña,A Coruña,"24,1",21.8,2.3,24.1,21.8,☀️ Día,A Coruña (A Coruña),"+2,3"
2023-07-11,1387,A Coruña,A Coruña,"24,6",21.8,2.8,24.6,21.8,☀️ Día,A Coruña (A Coruña),"+2,8"
2023-07-12,1387,A Coruña,A Coruña,"21,4",21.9,-0.5,21.9,21.4,☀️ Día,A Coruña (A Coruña),"-0,5"
2023-07-13,1387,A Coruña,A Coruña,24,22,2,24,22,☀️ Día,A Coruña (A Coruña),2
2023-07-14,1387,A Coruña,A Coruña,"25,9",22,3.9,25.9,22,☀️ Día,A Coruña (A Coruña),"+3,9"
2023-07-15,1387,A Coruña,A Coruña,23,22,1,23,22,☀️ Día,A Coruña (A Coruña),1
2023-07-16,1387,A Coruña,A Coruña,"22,9",22,0.9,22.9,22,☀️ Día,A Coruña (A Coruña),"+0,9"
2023-07-17,1387,A Coruña,A Coruña,"23,6",22,1.6,23.6,22,☀️ Día,A Coruña (A Coruña),"+1,6"
2023-07-18,1387,A Coruña,A Coruña,"24,2",22.2,2,24.2,22.2,☀️ Día,A Coruña (A Coruña),2
2023-07-19,1387,A Coruña,A Coruña,"22,6",22.2,0.4,22.6,22.2,☀️ Día,A Coruña (A Coruña),"+0,4"
2023-07-20,1387,A Coruña,A Coruña,"24,1",22.2,1.9,24.1,22.2,☀️ Día,A Coruña (A Coruña),"+1,9"
2023-07-21,1387,A Coruña,A Coruña,23,22.4,0.6,23,22.4,☀️ Día,A Coruña (A Coruña),"+0,6"
2023-07-22,1387,A Coruña,A Coruña,"22,2",22.4,-0.2,22.4,22.2,☀️ Día,A Coruña (A Coruña),"-0,2"
2023-07-23,1387,A Coruña,A Coruña,"24,3",22.4,1.9,24.3,22.4,☀️ Día,A Coruña (A Coruña),"+1,9"
2023-07-24,1387,A Coruña,A Coruña,"23,2",22.4,0.8,23.2,22.4,☀️ Día,A Coruña (A Coruña),"+0,8"
2023-07-25,1387,A Coruña,A Coruña,"23,1",22.5,0.6,23.1,22.5,☀️ Día,A Coruña (A Coruña),"+0,6"
2023-07-26,1387,A Coruña,A Coruña,"22,7",22.5,0.2,22.7,22.5,☀️ Día,A Coruña (A Coruña),"+0,2"
2023-07-27,1387,A Coruña,A Coruña,"25,3",22.6,2.7,25.3,22.6,☀️ Día,A Coruña (A Coruña),"+2,7"
2023-07-28,1387,A Coruña,A Coruña,"26,8",22.6,4.2,26.8,22.6,☀️ Día,A Coruña (A Coruña),"+4,2"
2023-07-29,1387,A Coruña,A Coruña,"23,8",22.6,1.2,23.8,22.6,☀️ Día,A Coruña (A Coruña),"+1,2"
2023-07-30,1387,A Coruña,A Coruña,"23,1",22.6,0.5,23.1,22.6,☀️ Día,A Coruña (A Coruña),"+0,5"
2023-07-31,1387,A Coruña,A Coruña,"25,7",22.6,3.1,25.7,22.6,☀️ Día,A Coruña (A Coruña),"+3,1"
2023-08-01,1387,A Coruña,A Coruña,"24,9",22.6,2.3,24.9,22.6,☀️ Día,A Coruña (A Coruña),"+2,3"
2023-08-02,1387,A Coruña,A Coruña,"23,3",22.6,0.7,23.3,22.6,☀️ Día,A Coruña (A Coruña),"+0,7"
2023-08-03,1387,A Coruña,A Coruña,"21,9",22.6,-0.7,22.6,21.9,☀️ Día,A Coruña (A Coruña),"-0,7"
2023-08-04,1387,A Coruña,A Coruña,"21,2",22.6,-1.4,22.6,21.2,☀️ Día,A Coruña (A Coruña),"-1,4"
2023-08-05,1387,A Coruña,A Coruña,23,22.6,0.4,23,22.6,☀️ Día,A Coruña (A Coruña),"+0,4"
2023-08-06,1387,A Coruña,A Coruña,"22,9",22.7,0.2,22.9,22.7,☀️ Día,A Coruña (A Coruña),"+0,2"
2023-08-07,1387,A Coruña,A Coruña,"25,8",22.8,3,25.8,22.8,☀️ Día,A Coruña (A Coruña),3
2023-08-08,1387,A Coruña,A Coruña,"29,1",22.8,6.3,29.1,22.8,☀️ Día,A Coruña (A Coruña),"+6,3"
2023-08-09,1387,A Coruña,A Coruña,26,22.8,3.2,26,22.8,☀️ Día,A Coruña (A Coruña),"+3,2"
2023-08-10,1387,A Coruña,A Coruña,"29,8",22.8,7,29.8,22.8,☀️ Día,A Coruña (A Coruña),7
2023-08-11,1387,A Coruña,A Coruña,"26,6",22.8,3.8,26.6,22.8,☀️ Día,A Coruña (A Coruña),"+3,8"
2023-08-12,1387,A Coruña,A Coruña,"24,6",22.8,1.8,24.6,22.8,☀️ Día,A Coruña (A Coruña),"+1,8"
2023-08-13,1387,A Coruña,A Coruña,"22,8",22.8,0,22.8,22.8,☀️ Día,A Coruña (A Coruña),0
2023-08-14,1387,A Coruña,A Coruña,"25,1",22.8,2.3,25.1,22.8,☀️ Día,A Coruña (A Coruña),"+2,3"
2023-08-15,1387,A Coruña,A Coruña,"23,4",22.8,0.6,23.4,22.8,☀️ Día,A Coruña (A Coruña),"+0,6"
2023-08-16,1387,A Coruña,A Coruña,"21,9",22.8,-0.9,22.8,21.9,☀️ Día,A Coruña (A Coruña),"-0,9"
2023-08-17,1387,A Coruña,A Coruña,25,22.8,2.2,25,22.8,☀️ Día,A Coruña (A Coruña),"+2,2"
2023-08-18,1387,A Coruña,A Coruña,"27,5",22.9,4.6,27.5,22.9,☀️ Día,A Coruña (A Coruña),"+4,6"
2023-08-19,1387,A Coruña,A Coruña,"24,9",23,1.9,24.9,23,☀️ Día,A Coruña (A Coruña),"+1,9"
2023-08-20,1387,A Coruña,A Coruña,24,22.9,1.1,24,22.9,☀️ Día,A Coruña (A Coruña),"+1,1"
2023-08-21,1387,A Coruña,A Coruña,"25,6",22.8,2.8,25.6,22.8,☀️ Día,A Coruña (A Coruña),"+2,8"
2023-08-22,1387,A Coruña,A Coruña,"29,5",22.8,6.7,29.5,22.8,☀️ Día,A Coruña (A Coruña),"+6,7"
2023-06-01,0201D,Barcelona,Barcelona,"23,9",22.4,1.5,23.9,22.4,☀️ Día,Barcelona (Barcelona),"+1,5"
2023-06-02,0201D,Barcelona,Barcelona,"22,7",22.5,0.2,22.7,22.5,☀️ Día,Barcelona (Barcelona),"+0,2"
2023-06-03,0201D,Barcelona,Barcelona,"23,5",22.6,0.9,23.5,22.6,☀️ Día,Barcelona (Barcelona),"+0,9"
2023-06-04,0201D,Barcelona,Barcelona,"23,8",22.7,1.1,23.8,22.7,☀️ Día,Barcelona (Barcelona),"+1,1"
2023-06-05,0201D,Barcelona,Barcelona,"23,2",22.8,0.4,23.2,22.8,☀️ Día,Barcelona (Barcelona),"+0,4"
2023-06-06,0201D,Barcelona,Barcelona,"23,1",23,0.1,23.1,23,☀️ Día,Barcelona (Barcelona),"+0,1"
2023-06-07,0201D,Barcelona,Barcelona,"24,6",23,1.6,24.6,23,☀️ Día,Barcelona (Barcelona),"+1,6"
2023-06-08,0201D,Barcelona,Barcelona,"24,7",23.1,1.6,24.7,23.1,☀️ Día,Barcelona (Barcelona),"+1,6"
2023-06-09,0201D,Barcelona,Barcelona,"24,7",23.2,1.5,24.7,23.2,☀️ Día,Barcelona (Barcelona),"+1,5"
2023-06-10,0201D,Barcelona,Barcelona,"24,8",23.4,1.4,24.8,23.4,☀️ Día,Barcelona (Barcelona),"+1,4"
2023-06-11,0201D,Barcelona,Barcelona,"27,8",23.5,4.3,27.8,23.5,☀️ Día,Barcelona (Barcelona),"+4,3"
2023-06-12,0201D,Barcelona,Barcelona,"26,9",23.7,3.2,26.9,23.7,☀️ Día,Barcelona (Barcelona),"+3,2"
2023-06-13,0201D,Barcelona,Barcelona,"24,6",23.8,0.8,24.6,23.8,☀️ Día,Barcelona (Barcelona),"+0,8"
2023-06-14,0201D,Barcelona,Barcelona,"26,5",23.9,2.6,26.5,23.9,☀️ Día,Barcelona (Barcelona),"+2,6"
2023-06-15,0201D,Barcelona,Barcelona,"26,7",24.1,2.6,26.7,24.1,☀️ Día,Barcelona (Barcelona),"+2,6"
2023-06-16,0201D,Barcelona,Barcelona,"26,3",24.3,2,26.3,24.3,☀️ Día,Barcelona (Barcelona),2
2023-06-17,0201D,Barcelona,Barcelona,"26,1",24.4,1.7,26.1,24.4,☀️ Día,Barcelona (Barcelona),"+1,7"
2023-06-18,0201D,Barcelona,Barcelona,"27,2",24.5,2.7,27.2,24.5,☀️ Día,Barcelona (Barcelona),"+2,7"
2023-06-19,0201D,Barcelona,Barcelona,"26,5",24.6,1.9,26.5,24.6,☀️ Día,Barcelona (Barcelona),"+1,9"
2023-06-20,0201D,Barcelona,Barcelona,"28,2",24.8,3.4,28.2,24.8,☀️ Día,Barcelona (Barcelona),"+3,4"
2023-06-21,0201D,Barcelona,Barcelona,"26,6",24.9,1.7,26.6,24.9,☀️ Día,Barcelona (Barcelona),"+1,7"
2023-06-22,0201D,Barcelona,Barcelona,"28,7",25.1,3.6,28.7,25.1,☀️ Día,Barcelona (Barcelona),"+3,6"
2023-06-23,0201D,Barcelona,Barcelona,"27,3",25.1,2.2,27.3,25.1,☀️ Día,Barcelona (Barcelona),"+2,2"
2023-06-24,0201D,Barcelona,Barcelona,"26,6",25.3,1.3,26.6,25.3,☀️ Día,Barcelona (Barcelona),"+1,3"
2023-06-25,0201D,Barcelona,Barcelona,"27,9",25.4,2.5,27.9,25.4,☀️ Día,Barcelona (Barcelona),"+2,5"
2023-06-26,0201D,Barcelona,Barcelona,"28,6",25.5,3.1,28.6,25.5,☀️ Día,Barcelona (Barcelona),"+3,1"
2023-06-27,0201D,Barcelona,Barcelona,"27,9",25.6,2.3,27.9,25.6,☀️ Día,Barcelona (Barcelona),"+2,3"
2023-06-28,0201D,Barcelona,Barcelona,"27,1",25.7,1.4,27.1,25.7,☀️ Día,Barcelona (Barcelona),"+1,4"
2023-06-29,0201D,Barcelona,Barcelona,"28,1",25.7,2.4,28.1,25.7,☀️ Día,Barcelona (Barcelona),"+2,4"
2023-06-30,0201D,Barcelona,Barcelona,"26,3",25.8,0.5,26.3,25.8,☀️ Día,Barcelona (Barcelona),"+0,5"
2023-07-01,0201D,Barcelona,Barcelona,"25,8",25.9,-0.1,25.9,25.8,☀️ Día,Barcelona (Barcelona),"-0,1"
2023-07-02,0201D,Barcelona,Barcelona,"27,6",26,1.6,27.6,26,☀️ Día,Barcelona (Barcelona),"+1,6"
2023-07-03,0201D,Barcelona,Barcelona,"26,8",26.1,0.7,26.8,26.1,☀️ Día,Barcelona (Barcelona),"+0,7"
2023-07-04,0201D,Barcelona,Barcelona,"27,6",26.1,1.5,27.6,26.1,☀️ Día,Barcelona (Barcelona),"+1,5"
2023-07-05,0201D,Barcelona,Barcelona,"26,3",26.3,0,26.3,26.3,☀️ Día,Barcelona (Barcelona),0
2023-07-06,0201D,Barcelona,Barcelona,"28,6",26.3,2.3,28.6,26.3,☀️ Día,Barcelona (Barcelona),"+2,3"
2023-07-07,0201D,Barcelona,Barcelona,"26,6",26.4,0.2,26.6,26.4,☀️ Día,Barcelona (Barcelona),"+0,2"
2023-07-08,0201D,Barcelona,Barcelona,"29,4",26.4,3,29.4,26.4,☀️ Día,Barcelona (Barcelona),3
2023-07-09,0201D,Barcelona,Barcelona,"28,5",26.5,2,28.5,26.5,☀️ Día,Barcelona (Barcelona),2
2023-07-10,0201D,Barcelona,Barcelona,"28,9",26.6,2.3,28.9,26.6,☀️ Día,Barcelona (Barcelona),"+2,3"
2023-07-11,0201D,Barcelona,Barcelona,"29,6",26.7,2.9,29.6,26.7,☀️ Día,Barcelona (Barcelona),"+2,9"
2023-07-12,0201D,Barcelona,Barcelona,"28,7",26.8,1.9,28.7,26.8,☀️ Día,Barcelona (Barcelona),"+1,9"
2023-07-13,0201D,Barcelona,Barcelona,"28,2",26.8,1.4,28.2,26.8,☀️ Día,Barcelona (Barcelona),"+1,4"
2023-07-14,0201D,Barcelona,Barcelona,"29,4",26.9,2.5,29.4,26.9,☀️ Día,Barcelona (Barcelona),"+2,5"
2023-07-15,0201D,Barcelona,Barcelona,"28,4",27,1.4,28.4,27,☀️ Día,Barcelona (Barcelona),"+1,4"
2023-07-16,0201D,Barcelona,Barcelona,"28,2",27,1.2,28.2,27,☀️ Día,Barcelona (Barcelona),"+1,2"
2023-07-17,0201D,Barcelona,Barcelona,"29,4",27.1,2.3,29.4,27.1,☀️ Día,Barcelona (Barcelona),"+2,3"
2023-07-18,0201D,Barcelona,Barcelona,31,27.1,3.9,31,27.1,☀️ Día,Barcelona (Barcelona),"+3,9"
2023-07-19,0201D,Barcelona,Barcelona,"29,7",27.2,2.5,29.7,27.2,☀️ Día,Barcelona (Barcelona),"+2,5"
2023-07-20,0201D,Barcelona,Barcelona,"28,9",27.2,1.7,28.9,27.2,☀️ Día,Barcelona (Barcelona),"+1,7"
2023-07-21,0201D,Barcelona,Barcelona,"27,2",27.2,0,27.2,27.2,☀️ Día,Barcelona (Barcelona),0
2023-07-22,0201D,Barcelona,Barcelona,"28,4",27.3,1.1,28.4,27.3,☀️ Día,Barcelona (Barcelona),"+1,1"
2023-07-23,0201D,Barcelona,Barcelona,"28,7",27.3,1.4,28.7,27.3,☀️ Día,Barcelona (Barcelona),"+1,4"
2023-07-24,0201D,Barcelona,Barcelona,"29,7",27.4,2.3,29.7,27.4,☀️ Día,Barcelona (Barcelona),"+2,3"
2023-07-25,0201D,Barcelona,Barcelona,"31,7",27.4,4.3,31.7,27.4,☀️ Día,Barcelona (Barcelona),"+4,3"
2023-07-26,0201D,Barcelona,Barcelona,"25,6",27.5,-1.9,27.5,25.6,☀️ Día,Barcelona (Barcelona),"-1,9"
2023-07-27,0201D,Barcelona,Barcelona,28,27.5,0.5,28,27.5,☀️ Día,Barcelona (Barcelona),"+0,5"
2023-07-28,0201D,Barcelona,Barcelona,"27,9",27.5,0.4,27.9,27.5,☀️ Día,Barcelona (Barcelona),"+0,4"
2023-07-29,0201D,Barcelona,Barcelona,"28,6",27.5,1.1,28.6,27.5,☀️ Día,Barcelona (Barcelona),"+1,1"
2023-07-30,0201D,Barcelona,Barcelona,"29,9",27.5,2.4,29.9,27.5,☀️ Día,Barcelona (Barcelona),"+2,4"
2023-07-31,0201D,Barcelona,Barcelona,"27,2",27.5,-0.3,27.5,27.2,☀️ Día,Barcelona (Barcelona),"-0,3"
2023-08-01,0201D,Barcelona,Barcelona,"29,6",27.5,2.1,29.6,27.5,☀️ Día,Barcelona (Barcelona),"+2,1"
2023-08-02,0201D,Barcelona,Barcelona,"30,4",27.6,2.8,30.4,27.6,☀️ Día,Barcelona (Barcelona),"+2,8"
2023-08-03,0201D,Barcelona,Barcelona,"26,3",27.6,-1.3,27.6,26.3,☀️ Día,Barcelona (Barcelona),"-1,3"
2023-08-04,0201D,Barcelona,Barcelona,26,27.6,-1.6,27.6,26,☀️ Día,Barcelona (Barcelona),"-1,6"
2023-08-05,0201D,Barcelona,Barcelona,"27,1",27.6,-0.5,27.6,27.1,☀️ Día,Barcelona (Barcelona),"-0,5"
2023-08-06,0201D,Barcelona,Barcelona,25,27.6,-2.6,27.6,25,☀️ Día,Barcelona (Barcelona),"-2,6"
2023-08-07,0201D,Barcelona,Barcelona,"24,8",27.6,-2.8,27.6,24.8,☀️ Día,Barcelona (Barcelona),"-2,8"
2023-08-08,0201D,Barcelona,Barcelona,"27,4",27.6,-0.2,27.6,27.4,☀️ Día,Barcelona (Barcelona),"-0,2"
2023-08-09,0201D,Barcelona,Barcelona,"27,9",27.6,0.3,27.9,27.6,☀️ Día,Barcelona (Barcelona),"+0,3"
2023-08-10,0201D,Barcelona,Barcelona,"29,7",27.6,2.1,29.7,27.6,☀️ Día,Barcelona (Barcelona),"+2,1"
2023-08-11,0201D,Barcelona,Barcelona,"29,6",27.6,2,29.6,27.6,☀️ Día,Barcelona (Barcelona),2
2023-08-12,0201D,Barcelona,Barcelona,"28,6",27.6,1,28.6,27.6,☀️ Día,Barcelona (Barcelona),1
2023-08-13,0201D,Barcelona,Barcelona,"28,8",27.6,1.2,28.8,27.6,☀️ Día,Barcelona (Barcelona),"+1,2"
2023-08-14,0201D,Barcelona,Barcelona,"30,1",27.6,2.5,30.1,27.6,☀️ Día,Barcelona (Barcelona),"+2,5"
2023-08-15,0201D,Barcelona,Barcelona,30,27.6,2.4,30,27.6,☀️ Día,Barcelona (Barcelona),"+2,4"
2023-08-16,0201D,Barcelona,Barcelona,"28,1",27.5,0.6,28.1,27.5,☀️ Día,Barcelona (Barcelona),"+0,6"
2023-08-17,0201D,Barcelona,Barcelona,"28,2",27.5,0.7,28.2,27.5,☀️ Día,Barcelona (Barcelona),"+0,7"
2023-08-18,0201D,Barcelona,Barcelona,"29,5",27.5,2,29.5,27.5,☀️ Día,Barcelona (Barcelona),2
2023-08-19,0201D,Barcelona,Barcelona,"30,1",27.4,2.7,30.1,27.4,☀️ Día,Barcelona (Barcelona),"+2,7"
2023-08-20,0201D,Barcelona,Barcelona,"32,1",27.4,4.7,32.1,27.4,☀️ Día,Barcelona (Barcelona),"+4,7"
2023-08-21,0201D,Barcelona,Barcelona,"32,8",27.3,5.5,32.8,27.3,☀️ Día,Barcelona (Barcelona),"+5,5"
2023-08-22,0201D,Barcelona,Barcelona,32,27.3,4.7,32,27.3,☀️ Día,Barcelona (Barcelona),"+4,7"
2023-06-01,1041A,Zumaia,Gipuzkoa,"21,5",20.1,1.4,21.5,20.1,☀️ Día,Zumaia (Gipuzkoa),"+1,4"
2023-06-02,1041A,Zumaia,Gipuzkoa,26,20.2,5.8,26,20.2,☀️ Día,Zumaia (Gipuzkoa),"+5,8"
2023-06-03,1041A,Zumaia,Gipuzkoa,"25,4",20.4,5,25.4,20.4,☀️ Día,Zumaia (Gipuzkoa),5
2023-06-04,1041A,Zumaia,Gipuzkoa,"24,4",20.4,4,24.4,20.4,☀️ Día,Zumaia (Gipuzkoa),4
2023-06-05,1041A,Zumaia,Gipuzkoa,"25,3",20.5,4.8,25.3,20.5,☀️ Día,Zumaia (Gipuzkoa),"+4,8"
2023-06-06,1041A,Zumaia,Gipuzkoa,"26,8",20.6,6.2,26.8,20.6,☀️ Día,Zumaia (Gipuzkoa),"+6,2"
2023-06-07,1041A,Zumaia,Gipuzkoa,"27,8",20.7,7.1,27.8,20.7,☀️ Día,Zumaia (Gipuzkoa),"+7,1"
2023-06-08,1041A,Zumaia,Gipuzkoa,"31,3",20.8,10.5,31.3,20.8,☀️ Día,Zumaia (Gipuzkoa),"+10,5"
2023-06-09,1041A,Zumaia,Gipuzkoa,"30,4",20.9,9.5,30.4,20.9,☀️ Día,Zumaia (Gipuzkoa),"+9,5"
2023-06-10,1041A,Zumaia,Gipuzkoa,"26,5",21,5.5,26.5,21,☀️ Día,Zumaia (Gipuzkoa),"+5,5"
2023-06-11,1041A,Zumaia,Gipuzkoa,"24,8",21.1,3.7,24.8,21.1,☀️ Día,Zumaia (Gipuzkoa),"+3,7"
2023-06-12,1041A,Zumaia,Gipuzkoa,"25,1",21.2,3.9,25.1,21.2,☀️ Día,Zumaia (Gipuzkoa),"+3,9"
2023-06-13,1041A,Zumaia,Gipuzkoa,"24,9",21.2,3.7,24.9,21.2,☀️ Día,Zumaia (Gipuzkoa),"+3,7"
2023-06-14,1041A,Zumaia,Gipuzkoa,"24,5",21.3,3.2,24.5,21.3,☀️ Día,Zumaia (Gipuzkoa),"+3,2"
2023-06-15,1041A,Zumaia,Gipuzkoa,24,21.4,2.6,24,21.4,☀️ Día,Zumaia (Gipuzkoa),"+2,6"
2023-06-16,1041A,Zumaia,Gipuzkoa,"25,6",21.5,4.1,25.6,21.5,☀️ Día,Zumaia (Gipuzkoa),"+4,1"
2023-06-17,1041A,Zumaia,Gipuzkoa,27,21.6,5.4,27,21.6,☀️ Día,Zumaia (Gipuzkoa),"+5,4"
2023-06-18,1041A,Zumaia,Gipuzkoa,"25,1",21.6,3.5,25.1,21.6,☀️ Día,Zumaia (Gipuzkoa),"+3,5"
2023-06-19,1041A,Zumaia,Gipuzkoa,26,21.8,4.2,26,21.8,☀️ Día,Zumaia (Gipuzkoa),"+4,2"
2023-06-20,1041A,Zumaia,Gipuzkoa,"24,2",21.9,2.3,24.2,21.9,☀️ Día,Zumaia (Gipuzkoa),"+2,3"
2023-06-21,1041A,Zumaia,Gipuzkoa,"21,9",21.9,0,21.9,21.9,☀️ Día,Zumaia (Gipuzkoa),0
2023-06-22,1041A,Zumaia,Gipuzkoa,"25,5",22,3.5,25.5,22,☀️ Día,Zumaia (Gipuzkoa),"+3,5"
2023-06-23,1041A,Zumaia,Gipuzkoa,"25,5",22,3.5,25.5,22,☀️ Día,Zumaia (Gipuzkoa),"+3,5"
2023-06-24,1041A,Zumaia,Gipuzkoa,28,22.1,5.9,28,22.1,☀️ Día,Zumaia (Gipuzkoa),"+5,9"
2023-06-25,1041A,Zumaia,Gipuzkoa,"23,4",22.1,1.3,23.4,22.1,☀️ Día,Zumaia (Gipuzkoa),"+1,3"
2023-06-26,1041A,Zumaia,Gipuzkoa,"25,9",22.1,3.8,25.9,22.1,☀️ Día,Zumaia (Gipuzkoa),"+3,8"
2023-06-27,1041A,Zumaia,Gipuzkoa,"23,5",22.2,1.3,23.5,22.2,☀️ Día,Zumaia (Gipuzkoa),"+1,3"
2023-06-28,1041A,Zumaia,Gipuzkoa,"25,8",22.3,3.5,25.8,22.3,☀️ Día,Zumaia (Gipuzkoa),"+3,5"
2023-06-29,1041A,Zumaia,Gipuzkoa,"24,1",22.4,1.7,24.1,22.4,☀️ Día,Zumaia (Gipuzkoa),"+1,7"
2023-06-30,1041A,Zumaia,Gipuzkoa,"23,5",22.4,1.1,23.5,22.4,☀️ Día,Zumaia (Gipuzkoa),"+1,1"
2023-07-01,1041A,Zumaia,Gipuzkoa,"24,5",22.5,2,24.5,22.5,☀️ Día,Zumaia (Gipuzkoa),2
2023-07-02,1041A,Zumaia,Gipuzkoa,"24,7",22.6,2.1,24.7,22.6,☀️ Día,Zumaia (Gipuzkoa),"+2,1"
2023-07-03,1041A,Zumaia,Gipuzkoa,"26,2",22.6,3.6,26.2,22.6,☀️ Día,Zumaia (Gipuzkoa),"+3,6"
2023-07-04,1041A,Zumaia,Gipuzkoa,"26,5",22.7,3.8,26.5,22.7,☀️ Día,Zumaia (Gipuzkoa),"+3,8"
2023-07-05,1041A,Zumaia,Gipuzkoa,"25,6",22.8,2.8,25.6,22.8,☀️ Día,Zumaia (Gipuzkoa),"+2,8"
2023-07-06,1041A,Zumaia,Gipuzkoa,"26,1",22.8,3.3,26.1,22.8,☀️ Día,Zumaia (Gipuzkoa),"+3,3"
2023-07-07,1041A,Zumaia,Gipuzkoa,33,22.9,10.1,33,22.9,☀️ Día,Zumaia (Gipuzkoa),"+10,1"
2023-07-08,1041A,Zumaia,Gipuzkoa,"26,4",22.9,3.5,26.4,22.9,☀️ Día,Zumaia (Gipuzkoa),"+3,5"
2023-07-09,1041A,Zumaia,Gipuzkoa,"25,8",23,2.8,25.8,23,☀️ Día,Zumaia (Gipuzkoa),"+2,8"
2023-07-10,1041A,Zumaia,Gipuzkoa,"27,2",23.1,4.1,27.2,23.1,☀️ Día,Zumaia (Gipuzkoa),"+4,1"
2023-07-11,1041A,Zumaia,Gipuzkoa,"23,3",23.1,0.2,23.3,23.1,☀️ Día,Zumaia (Gipuzkoa),"+0,2"
2023-07-12,1041A,Zumaia,Gipuzkoa,"26,4",23.2,3.2,26.4,23.2,☀️ Día,Zumaia (Gipuzkoa),"+3,2"
2023-07-13,1041A,Zumaia,Gipuzkoa,"25,4",23.2,2.2,25.4,23.2,☀️ Día,Zumaia (Gipuzkoa),"+2,2"
2023-07-14,1041A,Zumaia,Gipuzkoa,"33,5",23.3,10.2,33.5,23.3,☀️ Día,Zumaia (Gipuzkoa),"+10,2"
2023-07-15,1041A,Zumaia,Gipuzkoa,"21,3",23.4,-2.1,23.4,21.3,☀️ Día,Zumaia (Gipuzkoa),"-2,1"
2023-07-16,1041A,Zumaia,Gipuzkoa,"25,2",23.4,1.8,25.2,23.4,☀️ Día,Zumaia (Gipuzkoa),"+1,8"
2023-07-17,1041A,Zumaia,Gipuzkoa,"26,4",23.4,3,26.4,23.4,☀️ Día,Zumaia (Gipuzkoa),3
2023-07-18,1041A,Zumaia,Gipuzkoa,"26,3",23.5,2.8,26.3,23.5,☀️ Día,Zumaia (Gipuzkoa),"+2,8"
2023-07-19,1041A,Zumaia,Gipuzkoa,"24,4",23.5,0.9,24.4,23.5,☀️ Día,Zumaia (Gipuzkoa),"+0,9"
2023-07-20,1041A,Zumaia,Gipuzkoa,"26,1",23.6,2.5,26.1,23.6,☀️ Día,Zumaia (Gipuzkoa),"+2,5"
2023-07-21,1041A,Zumaia,Gipuzkoa,"25,3",23.7,1.6,25.3,23.7,☀️ Día,Zumaia (Gipuzkoa),"+1,6"
2023-07-22,1041A,Zumaia,Gipuzkoa,"26,3",23.7,2.6,26.3,23.7,☀️ Día,Zumaia (Gipuzkoa),"+2,6"
2023-07-23,1041A,Zumaia,Gipuzkoa,"26,1",23.8,2.3,26.1,23.8,☀️ Día,Zumaia (Gipuzkoa),"+2,3"
2023-07-24,1041A,Zumaia,Gipuzkoa,"21,5",23.9,-2.4,23.9,21.5,☀️ Día,Zumaia (Gipuzkoa),"-2,4"
2023-07-25,1041A,Zumaia,Gipuzkoa,"21,7",24,-2.3,24,21.7,☀️ Día,Zumaia (Gipuzkoa),"-2,3"
2023-07-26,1041A,Zumaia,Gipuzkoa,"26,3",24,2.3,26.3,24,☀️ Día,Zumaia (Gipuzkoa),"+2,3"
2023-07-27,1041A,Zumaia,Gipuzkoa,"26,8",24,2.8,26.8,24,☀️ Día,Zumaia (Gipuzkoa),"+2,8"
2023-07-28,1041A,Zumaia,Gipuzkoa,28,24.1,3.9,28,24.1,☀️ Día,Zumaia (Gipuzkoa),"+3,9"
2023-07-29,1041A,Zumaia,Gipuzkoa,"27,8",24.1,3.7,27.8,24.1,☀️ Día,Zumaia (Gipuzkoa),"+3,7"
2023-07-30,1041A,Zumaia,Gipuzkoa,"26,4",24.1,2.3,26.4,24.1,☀️ Día,Zumaia (Gipuzkoa),"+2,3"
2023-07-31,1041A,Zumaia,Gipuzkoa,"26,6",24.2,2.4,26.6,24.2,☀️ Día,Zumaia (Gipuzkoa),"+2,4"
2023-08-01,1041A,Zumaia,Gipuzkoa,"26,9",24.2,2.7,26.9,24.2,☀️ Día,Zumaia (Gipuzkoa),"+2,7"
2023-08-02,1041A,Zumaia,Gipuzkoa,"31,1",24.2,6.9,31.1,24.2,☀️ Día,Zumaia (Gipuzkoa),"+6,9"
2023-08-03,1041A,Zumaia,Gipuzkoa,"22,7",24.2,-1.5,24.2,22.7,☀️ Día,Zumaia (Gipuzkoa),"-1,5"
2023-08-04,1041A,Zumaia,Gipuzkoa,"21,6",24.1,-2.5,24.1,21.6,☀️ Día,Zumaia (Gipuzkoa),"-2,5"
2023-08-05,1041A,Zumaia,Gipuzkoa,"25,2",24.1,1.1,25.2,24.1,☀️ Día,Zumaia (Gipuzkoa),"+1,1"
2023-08-06,1041A,Zumaia,Gipuzkoa,"23,2",24.2,-1,24.2,23.2,☀️ Día,Zumaia (Gipuzkoa),-1
2023-08-07,1041A,Zumaia,Gipuzkoa,"24,3",24.2,0.1,24.3,24.2,☀️ Día,Zumaia (Gipuzkoa),"+0,1"
2023-08-08,1041A,Zumaia,Gipuzkoa,"26,2",24.2,2,26.2,24.2,☀️ Día,Zumaia (Gipuzkoa),2
2023-08-09,1041A,Zumaia,Gipuzkoa,"29,2",24.2,5,29.2,24.2,☀️ Día,Zumaia (Gipuzkoa),5
2023-08-10,1041A,Zumaia,Gipuzkoa,"27,5",24.1,3.4,27.5,24.1,☀️ Día,Zumaia (Gipuzkoa),"+3,4"
2023-08-11,1041A,Zumaia,Gipuzkoa,"27,5",24.1,3.4,27.5,24.1,☀️ Día,Zumaia (Gipuzkoa),"+3,4"
2023-08-12,1041A,Zumaia,Gipuzkoa,"28,1",24.2,3.9,28.1,24.2,☀️ Día,Zumaia (Gipuzkoa),"+3,9"
2023-08-13,1041A,Zumaia,Gipuzkoa,"23,7",24.2,-0.5,24.2,23.7,☀️ Día,Zumaia (Gipuzkoa),"-0,5"
2023-08-14,1041A,Zumaia,Gipuzkoa,"24,7",24.2,0.5,24.7,24.2,☀️ Día,Zumaia (Gipuzkoa),"+0,5"
2023-08-15,1041A,Zumaia,Gipuzkoa,"25,9",24.2,1.7,25.9,24.2,☀️ Día,Zumaia (Gipuzkoa),"+1,7"
2023-08-16,1041A,Zumaia,Gipuzkoa,"26,2",24.1,2.1,26.2,24.1,☀️ Día,Zumaia (Gipuzkoa),"+2,1"
2023-08-17,1041A,Zumaia,Gipuzkoa,"27,2",24.1,3.1,27.2,24.1,☀️ Día,Zumaia (Gipuzkoa),"+3,1"
2023-08-18,1041A,Zumaia,Gipuzkoa,31,24.1,6.9,31,24.1,☀️ Día,Zumaia (Gipuzkoa),"+6,9"
2023-08-19,1041A,Zumaia,Gipuzkoa,28,24.1,3.9,28,24.1,☀️ Día,Zumaia (Gipuzkoa),"+3,9"
2023-08-20,1041A,Zumaia,Gipuzkoa,27,24.1,2.9,27,24.1,☀️ Día,Zumaia (Gipuzkoa),"+2,9"
2023-08-21,1041A,Zumaia,Gipuzkoa,"28,3",24.1,4.2,28.3,24.1,☀️ Día,Zumaia (Gipuzkoa),"+4,2"
2023-08-22,1041A,Zumaia,Gipuzkoa,"28,2",24,4.2,28.2,24,☀️ Día,Zumaia (Gipuzkoa),"+4,2"
2023-06-01,6001,Tarifa,Cádiz,"23,3",21.4,1.9,23.3,21.4,☀️ Día,Tarifa (Cádiz),"+1,9"
2023-06-02,6001,Tarifa,Cádiz,"23,6",21.6,2,23.6,21.6,☀️ Día,Tarifa (Cádiz),2
2023-06-03,6001,Tarifa,Cádiz,"23,3",21.6,1.7,23.3,21.6,☀️ Día,Tarifa (Cádiz),"+1,7"
2023-06-04,6001,Tarifa,Cádiz,"23,8",21.7,2.1,23.8,21.7,☀️ Día,Tarifa (Cádiz),"+2,1"
2023-06-05,6001,Tarifa,Cádiz,"23,7",21.8,1.9,23.7,21.8,☀️ Día,Tarifa (Cádiz),"+1,9"
2023-06-06,6001,Tarifa,Cádiz,"23,1",21.9,1.2,23.1,21.9,☀️ Día,Tarifa (Cádiz),"+1,2"
2023-06-07,6001,Tarifa,Cádiz,"22,7",22,0.7,22.7,22,☀️ Día,Tarifa (Cádiz),"+0,7"
2023-06-08,6001,Tarifa,Cádiz,"22,1",22.1,0,22.1,22.1,☀️ Día,Tarifa (Cádiz),0
2023-06-09,6001,Tarifa,Cádiz,"23,6",22.1,1.5,23.6,22.1,☀️ Día,Tarifa (Cádiz),"+1,5"
2023-06-10,6001,Tarifa,Cádiz,"24,2",22.2,2,24.2,22.2,☀️ Día,Tarifa (Cádiz),2
2023-06-11,6001,Tarifa,Cádiz,"23,4",22.3,1.1,23.4,22.3,☀️ Día,Tarifa (Cádiz),"+1,1"
2023-06-12,6001,Tarifa,Cádiz,"23,4",22.4,1,23.4,22.4,☀️ Día,Tarifa (Cádiz),1
2023-06-13,6001,Tarifa,Cádiz,"22,6",22.5,0.1,22.6,22.5,☀️ Día,Tarifa (Cádiz),"+0,1"
2023-06-14,6001,Tarifa,Cádiz,"23,6",22.5,1.1,23.6,22.5,☀️ Día,Tarifa (Cádiz),"+1,1"
2023-06-15,6001,Tarifa,Cádiz,"26,8",22.6,4.2,26.8,22.6,☀️ Día,Tarifa (Cádiz),"+4,2"
2023-06-16,6001,Tarifa,Cádiz,"26,3",22.7,3.6,26.3,22.7,☀️ Día,Tarifa (Cádiz),"+3,6"
2023-06-17,6001,Tarifa,Cádiz,"26,6",22.7,3.9,26.6,22.7,☀️ Día,Tarifa (Cádiz),"+3,9"
2023-06-18,6001,Tarifa,Cádiz,"25,4",22.7,2.7,25.4,22.7,☀️ Día,Tarifa (Cádiz),"+2,7"
2023-06-19,6001,Tarifa,Cádiz,"25,2",22.8,2.4,25.2,22.8,☀️ Día,Tarifa (Cádiz),"+2,4"
2023-06-20,6001,Tarifa,Cádiz,"24,5",22.9,1.6,24.5,22.9,☀️ Día,Tarifa (Cádiz),"+1,6"
2023-06-21,6001,Tarifa,Cádiz,"24,7",23,1.7,24.7,23,☀️ Día,Tarifa (Cádiz),"+1,7"
2023-06-22,6001,Tarifa,Cádiz,"26,7",23,3.7,26.7,23,☀️ Día,Tarifa (Cádiz),"+3,7"
2023-06-23,6001,Tarifa,Cádiz,"26,3",23.2,3.1,26.3,23.2,☀️ Día,Tarifa (Cádiz),"+3,1"
2023-06-24,6001,Tarifa,Cádiz,"26,5",23.3,3.2,26.5,23.3,☀️ Día,Tarifa (Cádiz),"+3,2"
2023-06-25,6001,Tarifa,Cádiz,"25,6",23.3,2.3,25.6,23.3,☀️ Día,Tarifa (Cádiz),"+2,3"
2023-06-26,6001,Tarifa,Cádiz,"27,6",23.5,4.1,27.6,23.5,☀️ Día,Tarifa (Cádiz),"+4,1"
2023-06-27,6001,Tarifa,Cádiz,"27,8",23.6,4.2,27.8,23.6,☀️ Día,Tarifa (Cádiz),"+4,2"
2023-06-28,6001,Tarifa,Cádiz,"26,5",23.6,2.9,26.5,23.6,☀️ Día,Tarifa (Cádiz),"+2,9"
2023-06-29,6001,Tarifa,Cádiz,25,23.7,1.3,25,23.7,☀️ Día,Tarifa (Cádiz),"+1,3"
2023-06-30,6001,Tarifa,Cádiz,"25,8",23.8,2,25.8,23.8,☀️ Día,Tarifa (Cádiz),2
2023-07-01,6001,Tarifa,Cádiz,"27,3",23.9,3.4,27.3,23.9,☀️ Día,Tarifa (Cádiz),"+3,4"
2023-07-02,6001,Tarifa,Cádiz,"27,5",23.9,3.6,27.5,23.9,☀️ Día,Tarifa (Cádiz),"+3,6"
2023-07-03,6001,Tarifa,Cádiz,"29,4",24,5.4,29.4,24,☀️ Día,Tarifa (Cádiz),"+5,4"
2023-07-04,6001,Tarifa,Cádiz,26,24.1,1.9,26,24.1,☀️ Día,Tarifa (Cádiz),"+1,9"
2023-07-05,6001,Tarifa,Cádiz,"25,7",24.1,1.6,25.7,24.1,☀️ Día,Tarifa (Cádiz),"+1,6"
2023-07-06,6001,Tarifa,Cádiz,"28,1",24.1,4,28.1,24.1,☀️ Día,Tarifa (Cádiz),4
2023-07-07,6001,Tarifa,Cádiz,"26,5",24.2,2.3,26.5,24.2,☀️ Día,Tarifa (Cádiz),"+2,3"
2023-07-08,6001,Tarifa,Cádiz,"25,9",24.2,1.7,25.9,24.2,☀️ Día,Tarifa (Cádiz),"+1,7"
2023-07-09,6001,Tarifa,Cádiz,"30,8",24.2,6.6,30.8,24.2,☀️ Día,Tarifa (Cádiz),"+6,6"
2023-07-10,6001,Tarifa,Cádiz,"28,5",24.3,4.2,28.5,24.3,☀️ Día,Tarifa (Cádiz),"+4,2"
2023-07-11,6001,Tarifa,Cádiz,"27,7",24.3,3.4,27.7,24.3,☀️ Día,Tarifa (Cádiz),"+3,4"
2023-07-12,6001,Tarifa,Cádiz,"26,5",24.4,2.1,26.5,24.4,☀️ Día,Tarifa (Cádiz),"+2,1"
2023-07-13,6001,Tarifa,Cádiz,"29,5",24.5,5,29.5,24.5,☀️ Día,Tarifa (Cádiz),5
2023-07-14,6001,Tarifa,Cádiz,"30,1",24.5,5.6,30.1,24.5,☀️ Día,Tarifa (Cádiz),"+5,6"
2023-07-15,6001,Tarifa,Cádiz,"26,1",24.6,1.5,26.1,24.6,☀️ Día,Tarifa (Cádiz),"+1,5"
2023-07-16,6001,Tarifa,Cádiz,"28,8",24.6,4.2,28.8,24.6,☀️ Día,Tarifa (Cádiz),"+4,2"
2023-07-17,6001,Tarifa,Cádiz,"29,6",24.7,4.9,29.6,24.7,☀️ Día,Tarifa (Cádiz),"+4,9"
2023-07-18,6001,Tarifa,Cádiz,"30,4",24.8,5.6,30.4,24.8,☀️ Día,Tarifa (Cádiz),"+5,6"
2023-07-19,6001,Tarifa,Cádiz,"27,7",24.8,2.9,27.7,24.8,☀️ Día,Tarifa (Cádiz),"+2,9"
2023-07-20,6001,Tarifa,Cádiz,"25,9",24.9,1,25.9,24.9,☀️ Día,Tarifa (Cádiz),1
2023-07-21,6001,Tarifa,Cádiz,"24,3",24.9,-0.6,24.9,24.3,☀️ Día,Tarifa (Cádiz),"-0,6"
2023-07-22,6001,Tarifa,Cádiz,"24,9",24.9,0,24.9,24.9,☀️ Día,Tarifa (Cádiz),0
2023-07-23,6001,Tarifa,Cádiz,"28,2",25,3.2,28.2,25,☀️ Día,Tarifa (Cádiz),"+3,2"
2023-07-24,6001,Tarifa,Cádiz,"23,9",25,-1.1,25,23.9,☀️ Día,Tarifa (Cádiz),"-1,1"
2023-07-25,6001,Tarifa,Cádiz,"24,2",25,-0.8,25,24.2,☀️ Día,Tarifa (Cádiz),"-0,8"
2023-07-26,6001,Tarifa,Cádiz,"25,3",25,0.3,25.3,25,☀️ Día,Tarifa (Cádiz),"+0,3"
2023-07-27,6001,Tarifa,Cádiz,"24,2",25,-0.8,25,24.2,☀️ Día,Tarifa (Cádiz),"-0,8"
2023-07-28,6001,Tarifa,Cádiz,"25,7",25,0.7,25.7,25,☀️ Día,Tarifa (Cádiz),"+0,7"
2023-07-29,6001,Tarifa,Cádiz,"27,5",25,2.5,27.5,25,☀️ Día,Tarifa (Cádiz),"+2,5"
2023-07-30,6001,Tarifa,Cádiz,"25,7",25,0.7,25.7,25,☀️ Día,Tarifa (Cádiz),"+0,7"
2023-07-31,6001,Tarifa,Cádiz,"25,2",25,0.2,25.2,25,☀️ Día,Tarifa (Cádiz),"+0,2"
2023-08-01,6001,Tarifa,Cádiz,"23,8",25,-1.2,25,23.8,☀️ Día,Tarifa (Cádiz),"-1,2"
2023-08-02,6001,Tarifa,Cádiz,24,25,-1,25,24,☀️ Día,Tarifa (Cádiz),-1
2023-08-03,6001,Tarifa,Cádiz,"23,4",25,-1.6,25,23.4,☀️ Día,Tarifa (Cádiz),"-1,6"
2023-08-04,6001,Tarifa,Cádiz,"29,4",25,4.4,29.4,25,☀️ Día,Tarifa (Cádiz),"+4,4"
2023-08-05,6001,Tarifa,Cádiz,"26,5",24.9,1.6,26.5,24.9,☀️ Día,Tarifa (Cádiz),"+1,6"
2023-08-06,6001,Tarifa,Cádiz,"27,5",25,2.5,27.5,25,☀️ Día,Tarifa (Cádiz),"+2,5"
2023-08-07,6001,Tarifa,Cádiz,"28,1",25,3.1,28.1,25,☀️ Día,Tarifa (Cádiz),"+3,1"
2023-08-08,6001,Tarifa,Cádiz,"27,3",25,2.3,27.3,25,☀️ Día,Tarifa (Cádiz),"+2,3"
2023-08-09,6001,Tarifa,Cádiz,"27,5",25.1,2.4,27.5,25.1,☀️ Día,Tarifa (Cádiz),"+2,4"
2023-08-10,6001,Tarifa,Cádiz,"26,8",25.1,1.7,26.8,25.1,☀️ Día,Tarifa (Cádiz),"+1,7"
2023-08-11,6001,Tarifa,Cádiz,"29,8",25.1,4.7,29.8,25.1,☀️ Día,Tarifa (Cádiz),"+4,7"
2023-08-12,6001,Tarifa,Cádiz,"29,9",25.2,4.7,29.9,25.2,☀️ Día,Tarifa (Cádiz),"+4,7"
2023-08-13,6001,Tarifa,Cádiz,"28,4",25.2,3.2,28.4,25.2,☀️ Día,Tarifa (Cádiz),"+3,2"
2023-08-14,6001,Tarifa,Cádiz,29,25.1,3.9,29,25.1,☀️ Día,Tarifa (Cádiz),"+3,9"
2023-08-15,6001,Tarifa,Cádiz,"29,3",25.1,4.2,29.3,25.1,☀️ Día,Tarifa (Cádiz),"+4,2"
2023-08-16,6001,Tarifa,Cádiz,"26,1",25.1,1,26.1,25.1,☀️ Día,Tarifa (Cádiz),1
2023-08-17,6001,Tarifa,Cádiz,"24,8",25.1,-0.3,25.1,24.8,☀️ Día,Tarifa (Cádiz),"-0,3"
2023-08-18,6001,Tarifa,Cádiz,"24,7",25.1,-0.4,25.1,24.7,☀️ Día,Tarifa (Cádiz),"-0,4"
2023-08-19,6001,Tarifa,Cádiz,"26,6",25,1.6,26.6,25,☀️ Día,Tarifa (Cádiz),"+1,6"
2023-08-20,6001,Tarifa,Cádiz,"29,3",24.9,4.4,29.3,24.9,☀️ Día,Tarifa (Cádiz),"+4,4"
2023-08-21,6001,Tarifa,Cádiz,"28,5",24.9,3.6,28.5,24.9,☀️ Día,Tarifa (Cádiz),"+3,6"
2023-08-22,6001,Tarifa,Cádiz,"28,7",24.9,3.8,28.7,24.9,☀️ Día,Tarifa (Cádiz),"+3,8"
2023-06-01,7002Y,Águilas,Murcia,"24,7",25.6,-0.9,25.6,24.7,☀️ Día,Águilas (Murcia),"-0,9"
2023-06-02,7002Y,Águilas,Murcia,"26,3",25.7,0.6,26.3,25.7,☀️ Día,Águilas (Murcia),"+0,6"
2023-06-03,7002Y,Águilas,Murcia,26,25.8,0.2,26,25.8,☀️ Día,Águilas (Murcia),"+0,2"
2023-06-04,7002Y,Águilas,Murcia,25,25.9,-0.9,25.9,25,☀️ Día,Águilas (Murcia),"-0,9"
2023-06-05,7002Y,Águilas,Murcia,"24,4",26.1,-1.7,26.1,24.4,☀️ Día,Águilas (Murcia),"-1,7"
2023-06-06,7002Y,Águilas,Murcia,"25,7",26.1,-0.4,26.1,25.7,☀️ Día,Águilas (Murcia),"-0,4"
2023-06-07,7002Y,Águilas,Murcia,"23,5",26.2,-2.7,26.2,23.5,☀️ Día,Águilas (Murcia),"-2,7"
2023-06-08,7002Y,Águilas,Murcia,"25,9",26.4,-0.5,26.4,25.9,☀️ Día,Águilas (Murcia),"-0,5"
2023-06-09,7002Y,Águilas,Murcia,"28,1",26.5,1.6,28.1,26.5,☀️ Día,Águilas (Murcia),"+1,6"
2023-06-10,7002Y,Águilas,Murcia,"28,8",26.6,2.2,28.8,26.6,☀️ Día,Águilas (Murcia),"+2,2"
2023-06-11,7002Y,Águilas,Murcia,"27,7",26.7,1,27.7,26.7,☀️ Día,Águilas (Murcia),1
2023-06-12,7002Y,Águilas,Murcia,"26,8",26.8,0,26.8,26.8,☀️ Día,Águilas (Murcia),0
2023-06-13,7002Y,Águilas,Murcia,"27,4",26.9,0.5,27.4,26.9,☀️ Día,Águilas (Murcia),"+0,5"
2023-06-14,7002Y,Águilas,Murcia,"29,1",27,2.1,29.1,27,☀️ Día,Águilas (Murcia),"+2,1"
2023-06-15,7002Y,Águilas,Murcia,"28,9",27.2,1.7,28.9,27.2,☀️ Día,Águilas (Murcia),"+1,7"
2023-06-16,7002Y,Águilas,Murcia,"30,5",27.4,3.1,30.5,27.4,☀️ Día,Águilas (Murcia),"+3,1"
2023-06-17,7002Y,Águilas,Murcia,"32,8",27.6,5.2,32.8,27.6,☀️ Día,Águilas (Murcia),"+5,2"
2023-06-18,7002Y,Águilas,Murcia,32,27.7,4.3,32,27.7,☀️ Día,Águilas (Murcia),"+4,3"
2023-06-19,7002Y,Águilas,Murcia,"29,9",27.8,2.1,29.9,27.8,☀️ Día,Águilas (Murcia),"+2,1"
2023-06-20,7002Y,Águilas,Murcia,"29,2",28,1.2,29.2,28,☀️ Día,Águilas (Murcia),"+1,2"
2023-06-21,7002Y,Águilas,Murcia,"29,9",28.1,1.8,29.9,28.1,☀️ Día,Águilas (Murcia),"+1,8"
2023-06-22,7002Y,Águilas,Murcia,"29,5",28.3,1.2,29.5,28.3,☀️ Día,Águilas (Murcia),"+1,2"
2023-06-23,7002Y,Águilas,Murcia,"31,9",28.5,3.4,31.9,28.5,☀️ Día,Águilas (Murcia),"+3,4"
2023-06-24,7002Y,Águilas,Murcia,"31,2",28.6,2.6,31.2,28.6,☀️ Día,Águilas (Murcia),"+2,6"
2023-06-25,7002Y,Águilas,Murcia,"31,4",28.7,2.7,31.4,28.7,☀️ Día,Águilas (Murcia),"+2,7"
2023-06-26,7002Y,Águilas,Murcia,"31,6",28.8,2.8,31.6,28.8,☀️ Día,Águilas (Murcia),"+2,8"
2023-06-27,7002Y,Águilas,Murcia,32,28.8,3.2,32,28.8,☀️ Día,Águilas (Murcia),"+3,2"
2023-06-28,7002Y,Águilas,Murcia,"31,6",28.9,2.7,31.6,28.9,☀️ Día,Águilas (Murcia),"+2,7"
2023-06-29,7002Y,Águilas,Murcia,"29,2",28.9,0.3,29.2,28.9,☀️ Día,Águilas (Murcia),"+0,3"
2023-06-30,7002Y,Águilas,Murcia,"29,2",29,0.2,29.2,29,☀️ Día,Águilas (Murcia),"+0,2"
2023-07-01,7002Y,Águilas,Murcia,"28,7",29,-0.3,29,28.7,☀️ Día,Águilas (Murcia),"-0,3"
2023-07-02,7002Y,Águilas,Murcia,"29,2",29.2,0,29.2,29.2,☀️ Día,Águilas (Murcia),0
2023-07-03,7002Y,Águilas,Murcia,"30,8",29.2,1.6,30.8,29.2,☀️ Día,Águilas (Murcia),"+1,6"
2023-07-04,7002Y,Águilas,Murcia,"30,4",29.4,1,30.4,29.4,☀️ Día,Águilas (Murcia),1
2023-07-05,7002Y,Águilas,Murcia,31,29.5,1.5,31,29.5,☀️ Día,Águilas (Murcia),"+1,5"
2023-07-06,7002Y,Águilas,Murcia,30,29.5,0.5,30,29.5,☀️ Día,Águilas (Murcia),"+0,5"
2023-07-07,7002Y,Águilas,Murcia,31,29.6,1.4,31,29.6,☀️ Día,Águilas (Murcia),"+1,4"
2023-07-08,7002Y,Águilas,Murcia,"30,1",29.6,0.5,30.1,29.6,☀️ Día,Águilas (Murcia),"+0,5"
2023-07-09,7002Y,Águilas,Murcia,"30,7",29.7,1,30.7,29.7,☀️ Día,Águilas (Murcia),1
2023-07-10,7002Y,Águilas,Murcia,"31,6",29.7,1.9,31.6,29.7,☀️ Día,Águilas (Murcia),"+1,9"
2023-07-11,7002Y,Águilas,Murcia,"32,8",29.7,3.1,32.8,29.7,☀️ Día,Águilas (Murcia),"+3,1"
2023-07-12,7002Y,Águilas,Murcia,"34,7",29.8,4.9,34.7,29.8,☀️ Día,Águilas (Murcia),"+4,9"
2023-07-13,7002Y,Águilas,Murcia,"32,2",29.8,2.4,32.2,29.8,☀️ Día,Águilas (Murcia),"+2,4"
2023-07-14,7002Y,Águilas,Murcia,"31,6",29.8,1.8,31.6,29.8,☀️ Día,Águilas (Murcia),"+1,8"
2023-07-15,7002Y,Águilas,Murcia,"31,4",29.8,1.6,31.4,29.8,☀️ Día,Águilas (Murcia),"+1,6"
2023-07-16,7002Y,Águilas,Murcia,"32,7",29.9,2.8,32.7,29.9,☀️ Día,Águilas (Murcia),"+2,8"
2023-07-17,7002Y,Águilas,Murcia,"32,4",29.9,2.5,32.4,29.9,☀️ Día,Águilas (Murcia),"+2,5"
2023-07-18,7002Y,Águilas,Murcia,"32,5",30,2.5,32.5,30,☀️ Día,Águilas (Murcia),"+2,5"
2023-07-19,7002Y,Águilas,Murcia,"35,6",30,5.6,35.6,30,☀️ Día,Águilas (Murcia),"+5,6"
2023-07-20,7002Y,Águilas,Murcia,"32,2",30.1,2.1,32.2,30.1,☀️ Día,Águilas (Murcia),"+2,1"
2023-07-21,7002Y,Águilas,Murcia,"33,6",30.1,3.5,33.6,30.1,☀️ Día,Águilas (Murcia),"+3,5"
2023-07-22,7002Y,Águilas,Murcia,"32,3",30.1,2.2,32.3,30.1,☀️ Día,Águilas (Murcia),"+2,2"
2023-07-23,7002Y,Águilas,Murcia,"32,6",30.1,2.5,32.6,30.1,☀️ Día,Águilas (Murcia),"+2,5"
2023-07-24,7002Y,Águilas,Murcia,"35,1",30.2,4.9,35.1,30.2,☀️ Día,Águilas (Murcia),"+4,9"
2023-07-25,7002Y,Águilas,Murcia,"33,4",30.2,3.2,33.4,30.2,☀️ Día,Águilas (Murcia),"+3,2"
2023-07-26,7002Y,Águilas,Murcia,"33,1",30.3,2.8,33.1,30.3,☀️ Día,Águilas (Murcia),"+2,8"
2023-07-27,7002Y,Águilas,Murcia,"32,7",30.3,2.4,32.7,30.3,☀️ Día,Águilas (Murcia),"+2,4"
2023-07-28,7002Y,Águilas,Murcia,"30,9",30.4,0.5,30.9,30.4,☀️ Día,Águilas (Murcia),"+0,5"
2023-07-29,7002Y,Águilas,Murcia,"31,3",30.5,0.8,31.3,30.5,☀️ Día,Águilas (Murcia),"+0,8"
2023-07-30,7002Y,Águilas,Murcia,32,30.5,1.5,32,30.5,☀️ Día,Águilas (Murcia),"+1,5"
2023-07-31,7002Y,Águilas,Murcia,"31,4",30.5,0.9,31.4,30.5,☀️ Día,Águilas (Murcia),"+0,9"
2023-08-01,7002Y,Águilas,Murcia,"33,2",30.5,2.7,33.2,30.5,☀️ Día,Águilas (Murcia),"+2,7"
2023-08-02,7002Y,Águilas,Murcia,"32,8",30.5,2.3,32.8,30.5,☀️ Día,Águilas (Murcia),"+2,3"
2023-08-03,7002Y,Águilas,Murcia,"35,8",30.5,5.3,35.8,30.5,☀️ Día,Águilas (Murcia),"+5,3"
2023-08-04,7002Y,Águilas,Murcia,"31,2",30.5,0.7,31.2,30.5,☀️ Día,Águilas (Murcia),"+0,7"
2023-08-05,7002Y,Águilas,Murcia,"29,8",30.5,-0.7,30.5,29.8,☀️ Día,Águilas (Murcia),"-0,7"
2023-08-06,7002Y,Águilas,Murcia,"31,6",30.6,1,31.6,30.6,☀️ Día,Águilas (Murcia),1
2023-08-07,7002Y,Águilas,Murcia,"31,7",30.5,1.2,31.7,30.5,☀️ Día,Águilas (Murcia),"+1,2"
2023-08-08,7002Y,Águilas,Murcia,"31,1",30.6,0.5,31.1,30.6,☀️ Día,Águilas (Murcia),"+0,5"
2023-08-09,7002Y,Águilas,Murcia,"30,5",30.6,-0.1,30.6,30.5,☀️ Día,Águilas (Murcia),"-0,1"
2023-08-10,7002Y,Águilas,Murcia,"33,6",30.6,3,33.6,30.6,☀️ Día,Águilas (Murcia),3
2023-08-11,7002Y,Águilas,Murcia,"32,7",30.6,2.1,32.7,30.6,☀️ Día,Águilas (Murcia),"+2,1"
2023-08-12,7002Y,Águilas,Murcia,"30,5",30.6,-0.1,30.6,30.5,☀️ Día,Águilas (Murcia),"-0,1"
2023-08-13,7002Y,Águilas,Murcia,"30,9",30.6,0.3,30.9,30.6,☀️ Día,Águilas (Murcia),"+0,3"
2023-08-14,7002Y,Águilas,Murcia,"30,2",30.5,-0.3,30.5,30.2,☀️ Día,Águilas (Murcia),"-0,3"
2023-08-15,7002Y,Águilas,Murcia,"30,8",30.5,0.3,30.8,30.5,☀️ Día,Águilas (Murcia),"+0,3"
2023-08-16,7002Y,Águilas,Murcia,"31,8",30.5,1.3,31.8,30.5,☀️ Día,Águilas (Murcia),"+1,3"
2023-08-17,7002Y,Águilas,Murcia,31,30.4,0.6,31,30.4,☀️ Día,Águilas (Murcia),"+0,6"
2023-08-18,7002Y,Águilas,Murcia,"31,9",30.3,1.6,31.9,30.3,☀️ Día,Águilas (Murcia),"+1,6"
2023-08-19,7002Y,Águilas,Murcia,"32,7",30.3,2.4,32.7,30.3,☀️ Día,Águilas (Murcia),"+2,4"
2023-08-20,7002Y,Águilas,Murcia,"31,3",30.2,1.1,31.3,30.2,☀️ Día,Águilas (Murcia),"+1,1"
2023-08-21,7002Y,Águilas,Murcia,"31,5",30.2,1.3,31.5,30.2,☀️ Día,Águilas (Murcia),"+1,3"
2023-08-22,7002Y,Águilas,Murcia,"35,6",30.1,5.5,35.6,30.1,☀️ Día,Águilas (Murcia),"+5,5"
2023-06-01,8500A,Castelló - Almassora,Castellón,"24,4",26,-1.6,26,24.4,☀️ Día,Castelló - Almassora (Castellón),"-1,6"
2023-06-02,8500A,Castelló - Almassora,Castellón,"25,2",26.2,-1,26.2,25.2,☀️ Día,Castelló - Almassora (Castellón),-1
2023-06-03,8500A,Castelló - Almassora,Castellón,"25,9",26.2,-0.3,26.2,25.9,☀️ Día,Castelló - Almassora (Castellón),"-0,3"
2023-06-04,8500A,Castelló - Almassora,Castellón,"26,3",26.4,-0.1,26.4,26.3,☀️ Día,Castelló - Almassora (Castellón),"-0,1"
2023-06-05,8500A,Castelló - Almassora,Castellón,"26,5",26.6,-0.1,26.6,26.5,☀️ Día,Castelló - Almassora (Castellón),"-0,1"
2023-06-06,8500A,Castelló - Almassora,Castellón,"26,4",26.6,-0.2,26.6,26.4,☀️ Día,Castelló - Almassora (Castellón),"-0,2"
2023-06-07,8500A,Castelló - Almassora,Castellón,24,26.8,-2.8,26.8,24,☀️ Día,Castelló - Almassora (Castellón),"-2,8"
2023-06-08,8500A,Castelló - Almassora,Castellón,"26,1",27,-0.9,27,26.1,☀️ Día,Castelló - Almassora (Castellón),"-0,9"
2023-06-09,8500A,Castelló - Almassora,Castellón,"31,4",27,4.4,31.4,27,☀️ Día,Castelló - Almassora (Castellón),"+4,4"
2023-06-10,8500A,Castelló - Almassora,Castellón,"29,4",27.2,2.2,29.4,27.2,☀️ Día,Castelló - Almassora (Castellón),"+2,2"
2023-06-11,8500A,Castelló - Almassora,Castellón,"28,2",27.2,1,28.2,27.2,☀️ Día,Castelló - Almassora (Castellón),1
2023-06-12,8500A,Castelló - Almassora,Castellón,"29,1",27.4,1.7,29.1,27.4,☀️ Día,Castelló - Almassora (Castellón),"+1,7"
2023-06-13,8500A,Castelló - Almassora,Castellón,"28,1",27.4,0.7,28.1,27.4,☀️ Día,Castelló - Almassora (Castellón),"+0,7"
2023-06-14,8500A,Castelló - Almassora,Castellón,"29,3",27.6,1.7,29.3,27.6,☀️ Día,Castelló - Almassora (Castellón),"+1,7"
2023-06-15,8500A,Castelló - Almassora,Castellón,"29,1",27.8,1.3,29.1,27.8,☀️ Día,Castelló - Almassora (Castellón),"+1,3"
2023-06-16,8500A,Castelló - Almassora,Castellón,"29,7",28,1.7,29.7,28,☀️ Día,Castelló - Almassora (Castellón),"+1,7"
2023-06-17,8500A,Castelló - Almassora,Castellón,"30,7",28,2.7,30.7,28,☀️ Día,Castelló - Almassora (Castellón),"+2,7"
2023-06-18,8500A,Castelló - Almassora,Castellón,"28,8",28.2,0.6,28.8,28.2,☀️ Día,Castelló - Almassora (Castellón),"+0,6"
2023-06-19,8500A,Castelló - Almassora,Castellón,"29,9",28.3,1.6,29.9,28.3,☀️ Día,Castelló - Almassora (Castellón),"+1,6"
2023-06-20,8500A,Castelló - Almassora,Castellón,"28,6",28.4,0.2,28.6,28.4,☀️ Día,Castelló - Almassora (Castellón),"+0,2"
2023-06-21,8500A,Castelló - Almassora,Castellón,"29,2",28.6,0.6,29.2,28.6,☀️ Día,Castelló - Almassora (Castellón),"+0,6"
2023-06-22,8500A,Castelló - Almassora,Castellón,"30,2",28.7,1.5,30.2,28.7,☀️ Día,Castelló - Almassora (Castellón),"+1,5"
2023-06-23,8500A,Castelló - Almassora,Castellón,"31,4",28.8,2.6,31.4,28.8,☀️ Día,Castelló - Almassora (Castellón),"+2,6"
2023-06-24,8500A,Castelló - Almassora,Castellón,"31,3",28.8,2.5,31.3,28.8,☀️ Día,Castelló - Almassora (Castellón),"+2,5"
2023-06-25,8500A,Castelló - Almassora,Castellón,"32,8",29,3.8,32.8,29,☀️ Día,Castelló - Almassora (Castellón),"+3,8"
2023-06-26,8500A,Castelló - Almassora,Castellón,"31,3",29,2.3,31.3,29,☀️ Día,Castelló - Almassora (Castellón),"+2,3"
2023-06-27,8500A,Castelló - Almassora,Castellón,30,29.2,0.8,30,29.2,☀️ Día,Castelló - Almassora (Castellón),"+0,8"
2023-06-28,8500A,Castelló - Almassora,Castellón,30,29.3,0.7,30,29.3,☀️ Día,Castelló - Almassora (Castellón),"+0,7"
2023-06-29,8500A,Castelló - Almassora,Castellón,"30,6",29.4,1.2,30.6,29.4,☀️ Día,Castelló - Almassora (Castellón),"+1,2"
2023-06-30,8500A,Castelló - Almassora,Castellón,"30,1",29.4,0.7,30.1,29.4,☀️ Día,Castelló - Almassora (Castellón),"+0,7"
2023-07-01,8500A,Castelló - Almassora,Castellón,"29,6",29.6,0,29.6,29.6,☀️ Día,Castelló - Almassora (Castellón),0
2023-07-02,8500A,Castelló - Almassora,Castellón,31,29.6,1.4,31,29.6,☀️ Día,Castelló - Almassora (Castellón),"+1,4"
2023-07-03,8500A,Castelló - Almassora,Castellón,"30,4",29.8,0.6,30.4,29.8,☀️ Día,Castelló - Almassora (Castellón),"+0,6"
2023-07-04,8500A,Castelló - Almassora,Castellón,"29,2",29.8,-0.6,29.8,29.2,☀️ Día,Castelló - Almassora (Castellón),"-0,6"
2023-07-05,8500A,Castelló - Almassora,Castellón,"29,8",30,-0.2,30,29.8,☀️ Día,Castelló - Almassora (Castellón),"-0,2"
2023-07-06,8500A,Castelló - Almassora,Castellón,30,30,0,30,30,☀️ Día,Castelló - Almassora (Castellón),0
2023-07-07,8500A,Castelló - Almassora,Castellón,"30,2",30,0.2,30.2,30,☀️ Día,Castelló - Almassora (Castellón),"+0,2"
2023-07-08,8500A,Castelló - Almassora,Castellón,"31,7",30.1,1.6,31.7,30.1,☀️ Día,Castelló - Almassora (Castellón),"+1,6"
2023-07-09,8500A,Castelló - Almassora,Castellón,"32,2",30.2,2,32.2,30.2,☀️ Día,Castelló - Almassora (Castellón),2
2023-07-10,8500A,Castelló - Almassora,Castellón,"31,4",30.2,1.2,31.4,30.2,☀️ Día,Castelló - Almassora (Castellón),"+1,2"
2023-07-11,8500A,Castelló - Almassora,Castellón,32,30.3,1.7,32,30.3,☀️ Día,Castelló - Almassora (Castellón),"+1,7"
2023-07-12,8500A,Castelló - Almassora,Castellón,31,30.4,0.6,31,30.4,☀️ Día,Castelló - Almassora (Castellón),"+0,6"
2023-07-13,8500A,Castelló - Almassora,Castellón,"30,5",30.4,0.1,30.5,30.4,☀️ Día,Castelló - Almassora (Castellón),"+0,1"
2023-07-14,8500A,Castelló - Almassora,Castellón,"31,7",30.4,1.3,31.7,30.4,☀️ Día,Castelló - Almassora (Castellón),"+1,3"
2023-07-15,8500A,Castelló - Almassora,Castellón,"31,8",30.4,1.4,31.8,30.4,☀️ Día,Castelló - Almassora (Castellón),"+1,4"
2023-07-16,8500A,Castelló - Almassora,Castellón,"30,4",30.5,-0.1,30.5,30.4,☀️ Día,Castelló - Almassora (Castellón),"-0,1"
2023-07-17,8500A,Castelló - Almassora,Castellón,"31,6",30.6,1,31.6,30.6,☀️ Día,Castelló - Almassora (Castellón),1
2023-07-18,8500A,Castelló - Almassora,Castellón,"32,3",30.6,1.7,32.3,30.6,☀️ Día,Castelló - Almassora (Castellón),"+1,7"
2023-07-19,8500A,Castelló - Almassora,Castellón,"34,1",30.6,3.5,34.1,30.6,☀️ Día,Castelló - Almassora (Castellón),"+3,5"
2023-07-20,8500A,Castelló - Almassora,Castellón,32,30.6,1.4,32,30.6,☀️ Día,Castelló - Almassora (Castellón),"+1,4"
2023-07-21,8500A,Castelló - Almassora,Castellón,"32,4",30.6,1.8,32.4,30.6,☀️ Día,Castelló - Almassora (Castellón),"+1,8"
2023-07-22,8500A,Castelló - Almassora,Castellón,"31,4",30.7,0.7,31.4,30.7,☀️ Día,Castelló - Almassora (Castellón),"+0,7"
2023-07-23,8500A,Castelló - Almassora,Castellón,"32,4",30.8,1.6,32.4,30.8,☀️ Día,Castelló - Almassora (Castellón),"+1,6"
2023-07-24,8500A,Castelló - Almassora,Castellón,"32,1",30.8,1.3,32.1,30.8,☀️ Día,Castelló - Almassora (Castellón),"+1,3"
2023-07-25,8500A,Castelló - Almassora,Castellón,"31,1",30.8,0.3,31.1,30.8,☀️ Día,Castelló - Almassora (Castellón),"+0,3"
2023-07-26,8500A,Castelló - Almassora,Castellón,"30,9",30.8,0.1,30.9,30.8,☀️ Día,Castelló - Almassora (Castellón),"+0,1"
2023-07-27,8500A,Castelló - Almassora,Castellón,"32,2",30.9,1.3,32.2,30.9,☀️ Día,Castelló - Almassora (Castellón),"+1,3"
2023-07-28,8500A,Castelló - Almassora,Castellón,"31,2",30.9,0.3,31.2,30.9,☀️ Día,Castelló - Almassora (Castellón),"+0,3"
2023-07-29,8500A,Castelló - Almassora,Castellón,"32,1",30.9,1.2,32.1,30.9,☀️ Día,Castelló - Almassora (Castellón),"+1,2"
2023-07-30,8500A,Castelló - Almassora,Castellón,"32,1",31,1.1,32.1,31,☀️ Día,Castelló - Almassora (Castellón),"+1,1"
2023-07-31,8500A,Castelló - Almassora,Castellón,"33,1",31,2.1,33.1,31,☀️ Día,Castelló - Almassora (Castellón),"+2,1"
2023-08-01,8500A,Castelló - Almassora,Castellón,"33,5",31,2.5,33.5,31,☀️ Día,Castelló - Almassora (Castellón),"+2,5"
2023-08-02,8500A,Castelló - Almassora,Castellón,"33,9",31,2.9,33.9,31,☀️ Día,Castelló - Almassora (Castellón),"+2,9"
2023-08-03,8500A,Castelló - Almassora,Castellón,"32,4",31,1.4,32.4,31,☀️ Día,Castelló - Almassora (Castellón),"+1,4"
2023-08-04,8500A,Castelló - Almassora,Castellón,"32,2",31,1.2,32.2,31,☀️ Día,Castelló - Almassora (Castellón),"+1,2"
2023-08-05,8500A,Castelló - Almassora,Castellón,"30,8",31,-0.2,31,30.8,☀️ Día,Castelló - Almassora (Castellón),"-0,2"
2023-08-06,8500A,Castelló - Almassora,Castellón,"32,2",31,1.2,32.2,31,☀️ Día,Castelló - Almassora (Castellón),"+1,2"
2023-08-07,8500A,Castelló - Almassora,Castellón,"29,5",31,-1.5,31,29.5,☀️ Día,Castelló - Almassora (Castellón),"-1,5"
2023-08-08,8500A,Castelló - Almassora,Castellón,"28,9",31,-2.1,31,28.9,☀️ Día,Castelló - Almassora (Castellón),"-2,1"
2023-08-09,8500A,Castelló - Almassora,Castellón,"31,1",31,0.1,31.1,31,☀️ Día,Castelló - Almassora (Castellón),"+0,1"
2023-08-10,8500A,Castelló - Almassora,Castellón,"35,1",31,4.1,35.1,31,☀️ Día,Castelló - Almassora (Castellón),"+4,1"
2023-08-11,8500A,Castelló - Almassora,Castellón,"31,9",31,0.9,31.9,31,☀️ Día,Castelló - Almassora (Castellón),"+0,9"
2023-08-12,8500A,Castelló - Almassora,Castellón,32,31,1,32,31,☀️ Día,Castelló - Almassora (Castellón),1
2023-08-13,8500A,Castelló - Almassora,Castellón,32,31,1,32,31,☀️ Día,Castelló - Almassora (Castellón),1
2023-08-14,8500A,Castelló - Almassora,Castellón,"31,1",30.8,0.3,31.1,30.8,☀️ Día,Castelló - Almassora (Castellón),"+0,3"
2023-08-15,8500A,Castelló - Almassora,Castellón,"31,4",30.8,0.6,31.4,30.8,☀️ Día,Castelló - Almassora (Castellón),"+0,6"
2023-08-16,8500A,Castelló - Almassora,Castellón,"31,5",30.8,0.7,31.5,30.8,☀️ Día,Castelló - Almassora (Castellón),"+0,7"
2023-08-17,8500A,Castelló - Almassora,Castellón,"31,6",30.8,0.8,31.6,30.8,☀️ Día,Castelló - Almassora (Castellón),"+0,8"
2023-08-18,8500A,Castelló - Almassora,Castellón,"31,7",30.7,1,31.7,30.7,☀️ Día,Castelló - Almassora (Castellón),1
2023-08-19,8500A,Castelló - Almassora,Castellón,"32,1",30.6,1.5,32.1,30.6,☀️ Día,Castelló - Almassora (Castellón),"+1,5"
2023-08-20,8500A,Castelló - Almassora,Castellón,"33,1",30.6,2.5,33.1,30.6,☀️ Día,Castelló - Almassora (Castellón),"+2,5"
2023-08-21,8500A,Castelló - Almassora,Castellón,"35,9",30.6,5.3,35.9,30.6,☀️ Día,Castelló - Almassora (Castellón),"+5,3"
2023-08-22,8500A,Castelló - Almassora,Castellón,35,30.4,4.6,35,30.4,☀️ Día,Castelló - Almassora (Castellón),"+4,6"